doi,pubmed_id,title,abstract,authors,journal,year
10.1007_s00122-023-04504-w,38072878,Effects of Aegilops longissima chromosome 1 Sl on wheat bread-making quality in two types of translocation lines,"Aegilops longissima chromosome 1Sl encodes specific types of gluten subunits that may positively affect wheat bread-making quality. The most effective method of introducing 1 Sl chromosomal fragments containing the target genes into wheat is chromosome translocation. Here, a wheat-Ae. longissima 1BS1SlL translocation line was developed using molecular marker-assisted chromosome engineering. Two types of translocation chromosomes developed in a previous study, 1BS1SlL and 1SlS1BL, were introduced into three commercial wheat varieties (Ningchun4, Ningchun50, and Westonia) via backcrossing with marker-assisted selection. Advanced translocation lines were confirmed through chromosome in situ hybridization and genotyping by target sequencing using the wheat 40 K system. Bread-making quality was found to be improved in the two types of advanced translocation lines compared to the corresponding recurrent parents. Furthermore, 1SlS1BL translocation lines displayed better bread-making quality than 1BS1SlL translocation lines in each genetic background. Further analysis revealed that high molecular weight glutenin subunit (HMW-GS) contents and expression levels of genes encoding low molecular weight glutenin subunits (LMW-GSs) were increased in 1SlS1BL translocation lines. Gliadin and gluten-related transcription factors were also upregulated in the grains of the two types of advanced translocation lines compared to the recurrent parents. This study clarifies the impacts of specific glutenin subunits on bread-making quality and provides novel germplasm resources for further improvement of wheat quality through molecular breeding.","Qiu Y, Han Z, Liu N, Yu M, Zhang S, Chen H, Tang H, Zhao Z, Wang K, Lin Z, Han F, Ye X",Theoretical and Applied Genetics,2024
10.1007_s00122-023-04505-9,38091074,Identification and fine-mapping of QYrAS286-2BL conferring adult-plant resistance to stripe rust in cultivated emmer wheat,"Stripe rust, caused by the fungal pathogen Puccinia striiformis f. sp. tritici (Pst), is one of the most devastating diseases of wheat. Identification of new sources of resistance and their utilization in breeding programs is the effectively control strategy. The objective of this study was to identify and genetically characterize the stripe rust resistance derived from the cultivated emmer accession AS286. A recombinant inbred line population, developed from a cross between the susceptible durum wheat line langdon and AS286, was genotyped using the Wheat55K single nucleotide polymorphism array and evaluated in field conditions with a mixture of the prevalent Chinese Pst races (CYR32, CYR33, CYR34, Zhong4, and HY46) and in growth chamber with race CYR34. Three QTLs conferring resistance were mapped on chromosomes 1BS, 2BL, and 5BL, respectively. The QYrAS286-1BS and QYrAS286-2BL were stable with major effects, explaining 12.91% to 18.82% and 11.31% to 31.43% of phenotypic variation, respectively. QYrAS286-5BL was only detected based on growth chamber seedling data. RILs harboring both QYrAS286-1BS and QYrAS286-2BL showed high levels of stripe rust resistance equal to the parent AS286. The QYrAS286-2BL was only detected at the adult-plant stage, which is different from previously named Yr genes and inherited as a single gene. It was further mapped to a 123.6-kb region using KASP markers derived from SNPs identified by bulked segregant RNA sequencing (BSR-Seq). The identified loci enrich our stripe rust resistance gene pool, and the flanking markers developed here could be useful in marker-assisted selection for incorporating QYrAS286-2BL into wheat cultivars.","Li Y, Hu Y, Jiang Y, Zhou Q, He Y, He J, Chen X, Chen X, Jiang B, Hao M, Ning S, Yuan Z, Zhang J, Xia C, Wu B, Feng L, Zhang L, Liu D, Huang L",Theoretical and Applied Genetics,2024
10.1007_s00122-023-04507-7,38071267,Sr65: a widely effective gene for stem rust resistance in wheat,"Stem rust, caused by Puccinia graminis f. sp. tritici (Pgt), threatened global wheat production with the appearance of widely virulent races that included TTKSK and TTRTF. Indian landrace Hango-2 showed resistance to Pgt races in India and Australia. Screening of a Hango-2_Avocet 'S' (AvS) recombinant inbred line population identified two stem rust resistance genes, a novel gene (temporarily named as SrH2) from Hango-2 and Sr26 from AvS. A mapping population segregating for SrH2 alone was developed from two recombinant lines. SrH2 was mapped on the short arm of chromosome 1A, where it was flanked by KASP markers KASP_7944 (proximal) and KASP_12147 (distal). SrH2 was delimited to an interval of 1.8-2.3 Mb on chromosome arm 1AS. The failure to detect candidate genes through MutRenSeq and comparative genomic analysis with the pan-genome dataset indicated the necessity to generate a Hango-2 specific assembly for detecting the gene sequence linked with SrH2 resistance. MutRenSeq however enabled identification of SrH2-linked KASP marker sunCS_265. Markers KASP_12147 and sunCS_265 showed 92% and 85% polymorphism among an Australian cereal cultivar diversity panel and can be used for marker-assisted selection of SrH2 in breeding programs. The effectiveness of SrH2 against Pgt races from Europe, Africa, India, and Australia makes it a valuable resource for breeding stem rust-resistant wheat cultivars. Since no wheat-derived gene was previously located in chromosome arm 1AS, SrH2 represents a new locus and named as SR65.","Norman M, Chen C, Miah H, Patpour M, Srensen C, Hovmller M, Forrest K, Kumar S, Prasad P, Gangwar OP, Bhardwaj S, Bariana H, Periyannan S, Bansal U",Theoretical and Applied Genetics,2024
10.1007_s00122-023-04514-8,38142253,Identification of a novel SNP in the miR172 binding site of Q homoeolog AP2L-D5 is associated with spike compactness and agronomic traits in wheat (Triticum aestivum L.),"Spike architecture is a key determinant of wheat yield, a crop which supports much of the human diet but whose yield gains are stagnating. Spike architecture mutants offer opportunities to identify genetic factors contributing to inflorescence development. Here, we investigate the locus underlying the compact spike phenotype of mutant line ANK-15 by conducting mRNA-sequencing and genetic mapping using ANK-15 and its non-compact spike near-isogenic line Novosibirskaya 67 (N67). Previous literature has placed the compact spike locus of ANK-15 to chromosome 2B. However, based on the single nucleotide polymorphisms (SNPs) identified using mRNA-seq data, we were unable to detect polymorphisms between N67 and ANK-15 in the putative chromosome 2B region. We performed differential expression analysis of developing rachis and found that AP2L-D5, the D homoeolog of the domestication Q gene, is upregulated in ANK-15 in comparison to N67. ANK-15 carries a SNP in the microRNA172 binding site of AP2L-D5, which is predicted to lead to higher expression of AP2L-D5 due to decreased miRNA172-mediated degradation. Furthermore, we performed genetic mapping using an ANK-15 x N67 F2 population and found a single quantitative trait locus on chromosome 5D coinciding with the position of AP2L-D5. This result suggests that AP2L-D5 is likely the underlying causal gene for the compact spike phenotype in ANK-15. We performed a field trial to investigate the effect of the AP2L-D5 allele on agronomic traits and found that the AP2L-D5 allele from ANK-15 is associated with a significant reduction in height, increased thousand grain weight (TGW), and increased grain width.","Zeng V, Uauy C, Chen Y",Theoretical and Applied Genetics,2024
10.1007_s00122-023-04517-5,38165440,"HvBGlu3, a GH1 beta-glucosidase enzyme gene, negatively influences beta-glucan content in barley grains","Barley grains are rich in beta-glucan, an important factor affecting end-use quality. Previously, we identified several stable marker-trait associations (MTAs) and novel candidate genes associated with beta-glucan content in barley grains using GWAS (Genome Wide Association Study) analysis. The gene HORVU3Hr1G096910, encoding beta-glucosidase 3, named HvBGlu3, is found to be associated with beta-glucan content in barley grains. In this study, conserved domain analysis suggested that HvBGlu3 belongs to glycoside hydrolase family 1 (GH1). Gene knockout assay revealed that HvBGlu3 negatively influenced beta-glucan content in barley grains. Transcriptome analysis of developing grains of hvbglu3 mutant and the wild type indicated that the knockout of the gene led to the increased expression level of genes involved in starch and sucrose metabolism. Glucose metabolism analysis showed that the contents of many sugars in developing grains were significantly changed in hvbglu3 mutants. In conclusion, HvBGlu3 modulates beta-glucan content in barley grains by mediating starch and sucrose metabolism in developing grains. The obtained results may be useful for breeders to breed elite barley cultivars for food use by screening barley lines with loss of function of HvBGlu3 in barley breeding.","La Geng, Li M, Xie S, Wang H, He X, Sun N, Zhang G, Ye L",Theoretical and Applied Genetics,2024
10.1007_s00122-023-04525-5,38198011,"Development, identification, and utilization of wheat-tetraploid Thinopyrum elongatum 4EL translocation lines resistant to stripe rust","Tetraploid Thinopyrum elongatum is a valuable genetic resource for improving the resistance of wheat to diseases such as stripe rust, powdery mildew, and Fusarium head blight. We previously reported that chromosome 4E of the 4E (4D) substitution line carries all-stage stripe rust resistance genes. To optimize the utility of these genes in wheat breeding programs, we developed translocation lines by inducing chromosomal structural changes through 60Co-gamma irradiation and developing monosomic substitution lines. In total, 53 plants with different 4E chromosomal structural changes were identified. Three homozygous translocation lines (T4DS4EL, T5AL4EL, and T3BL4EL) and an addition translocation line (T5DS4EL) were confirmed by the genomic in situ hybridization (GISH), fluorescence in situ hybridization (FISH), FISH-painting, and wheat 55 K SNP array analyses. These four translocation lines, which contained chromosome arm 4EL, exhibited high stripe rust resistance. Thus, a resistance gene (tentatively named Yr4EL) was localized to the chromosome arm 4EL of tetraploid Th. elongatum. For the application of marker-assisted selection (MAS), 32 simple sequence repeat (SSR) markers were developed, showing specific amplification on the chromosome arm 4EL and co-segregation with Yr4EL. Furthermore, the 4DS4EL line could be selected as a good pre-breeding line that better agronomic traits than other translocation lines. We transferred Yr4EL into three wheat cultivars SM482, CM42, and SM51, and their progenies were all resistant to stripe rust, which can be used in future wheat resistance breeding programs.","Gong B, Chen L, Zhang H, Zhu W, Xu L, Cheng Y, Wang Y, Zeng J, Fan X, Sha L, Zhang H, Chen G, Zhou Y, Kang H, Wu D",Theoretical and Applied Genetics,2024
10.1007_s00122-023-04529-1,38240841,Genome-wide association analysis identifies a consistent QTL for powdery mildew resistance on chromosome 3A in Nordic and Baltic spring wheat,"Powdery mildew, caused by the biotrophic fungal pathogen Blumeria graminis f. sp. tritici, poses a significant threat to bread wheat (Triticum aestivum L.), one of the world's most crucial cereal crops. Enhancing cultivar resistance against this devastating disease requires a comprehensive understanding of the genetic basis of powdery mildew resistance. In this study, we performed a genome-wide association study (GWAS) using extensive field trial data from multiple environments across Estonia, Latvia, Lithuania, and Norway. The study involved a diverse panel of recent wheat cultivars and breeding lines sourced from the Baltic region and Norway. We identified a major quantitative trait locus (QTL) on chromosome 3A, designated as QPm.NOBAL-3A, which consistently conferred high resistance to powdery mildew across various environments and countries. Furthermore, the consistency of the QTL haplotype effect was validated using an independent Norwegian spring wheat panel. Subsequent greenhouse seedling inoculations with 15 representative powdery mildew isolates on a subset of the GWAS panel indicated that this QTL provides adult plant resistance and is likely of race non-specific nature. Moreover, we developed and validated KASP markers for QPm.NOBAL-3A tailored for use in breeding. These findings provide a critical foundation for marker-assisted selection in breeding programs aimed at pyramiding resistance QTL_genes to achieve durable and broad-spectrum resistance against powdery mildew.","Lin M, Islamov B, Aleliunas A, Armoniene R, Gorash A, Meigas E, Ingver A, Tamm I, Kollist H, Strazdina V, Bleidere M, Brazauskas G, Lillemo M",Theoretical and Applied Genetics,2024
10.1007_s00122-023-04530-8,38265482,"Identification of Sr67, a new gene for stem rust resistance in KU168-2 located close to the Sr13 locus in wheat","Re-appearance of stem rust disease, caused by the fungal pathogen Puccinia graminis f. sp. tritici (Pgt), in different parts of Europe emphasized the need to develop wheat varieties with effective resistance to local Pgt populations and exotic threats. A Kyoto University wheat (Triticum aestivum L.) accession KU168-2 was reported to carry good resistance to leaf and stem rust. To identify the genomic region associated with the KU168-2 stem rust resistance, a genetic study was conducted using a doubled haploid (DH) population from the cross RL6071 x KU168-2. The DH population was phenotyped with three Pgt races (TTKSK, TPMKC, and QTHSF) and genotyped using the Illumina 90 K wheat SNP array. Linkage mapping showed the resistance to all three Pgt races was conferred by a single stem rust resistance (Sr) gene on chromosome arm 6AL, associated with Sr13. Presently, four Sr13 resistance alleles have been reported. Sr13 allele-specific KASP and STARP markers, and sequencing markers all showed null alleles in KU168-2. KU168-2 showed a unique combination of seedling infection types for five Pgt races (TTKSK, QTHSF, RCRSF, TMRTF, and TPMKC) compared to Sr13 alleles. The phenotypic uniqueness of the stem rust resistance gene in KU168-2 and null alleles for Sr13 allele-specific markers showed the resistance was conferred by a new gene, designated Sr67. Since Sr13 is less effective in hexaploid background, Sr67 will be a good source of stem rust resistance in bread wheat breeding programs.","Sharma JS, Che M, Fetch T, McCallum BD, Xu SS, Hiebert CW",Theoretical and Applied Genetics,2024
10.1007_s00122-023-04533-5,38243086,Genotyping of SNPs in bread wheat at reduced cost from pooled experiments and imputation,"The plant breeding industry has shown growing interest in using the genotype data of relevant markers for performing selection of new competitive varieties. The selection usually benefits from large amounts of marker data, and it is therefore crucial to dispose of data collection methods that are both cost-effective and reliable. Computational methods such as genotype imputation have been proposed earlier in several plant science studies for addressing the cost challenge. Genotype imputation methods have though been used more frequently and investigated more extensively in human genetics research. The various algorithms that exist have shown lower accuracy at inferring the genotype of genetic variants occurring at low frequency, while these rare variants can have great significance and impact in the genetic studies that underlie selection. In contrast, pooling is a technique that can efficiently identify low-frequency items in a population, and it has been successfully used for detecting the samples that carry rare variants in a population. In this study, we propose to combine pooling and imputation and demonstrate this by simulating a hypothetical microarray for genotyping a population of recombinant inbred lines in a cost-effective and accurate manner, even for rare variants. We show that with an adequate imputation model, it is feasible to accurately predict the individual genotypes at lower cost than sample-wise genotyping and time-effectively. Moreover, we provide code resources for reproducing the results presented in this study in the form of a containerized workflow.","Clouard C, Nettelblad C",Theoretical and Applied Genetics,2024
10.1007_s00122-023-04536-2,38267732,A co-located QTL for seven spike architecture-related traits shows promising breeding use potential in common wheat (Triticum aestivum L.),"Spike-related traits, including fertile florets per spike (FFS), kernel weight per spike (KWS), total florets per spike (TFS), florets per spikelet (FPs), florets in the middle spikelet (FMs), fertile florets per spikelet (FFPs), and kernel weight per spikelet (KWPs), are key traits in improving wheat yield. In the present study, quantitative trait loci (QTL) for these traits evaluated under various environments were detected in a recombinant inbred line population (msf_Chuannong 16) mainly genotyped using the 16 K SNP array. Ultimately, we identified 60 QTL, but only QFFS.sau-MC-1A for FFS was a major and stably expressed QTL. It was located on chromosome arm 1AS, where loci for TFS, FPs, FMs, FFS, FFPs, KWS, and KWPs were also simultaneously co-mapped. The effect of QFFS.sau-MC-1A was further validated in three independent segregating populations using a Kompetitive Allele-Specific PCR marker. For the co-located QTL, QFFS.sau-MC-1A, the presence of a positive allele from msf was associate with increases for all traits: + 12.29% TFS, + 10.15% FPs, + 13.97% FMs, + 17.12% FFS, + 14.75% FFPs, + 22.17% KWS, and + 19.42% KWPs. Furthermore, pleiotropy analysis showed that the positive allele at QFFS.sau-MC-1A simultaneously increased the spike length, spikelet number per spike, and thousandkernel weight. QFFS.sau-MC-1A represents a novel QTL for marker-assisted selection with the potential for improving wheat yield. Four genes, TraesCS1A03G0012700, TraesCS1A03G0015700, TraesCS1A03G0016000, and TraesCS1A03G0016300, which may affect spike development, were predicted in the physical interval harboring QFFS.sau-MC-1A. Our results will help in further fine mapping QFFS.sau-MC-1A and be useful for improving wheat yield.","Zhou J, Liu Q, Tian R, Chen H, Wang J, Yang Y, Zhao C, Liu Y, Tang H, Deng M, Xu Q, Jiang Q, Chen G, Qi P, Jiang Y, Chen G, Tang L, Ren Y, Zheng Z, Liu C, Zheng Y, He Y, Wei Y, Ma J",Theoretical and Applied Genetics,2024
10.1007_s00122-023-04537-1,38286831,Transcriptomic insights into shared responses to Fusarium crown rot infection and drought stresses in bread wheat (Triticum aestivum L.),"Fusarium crown rot (FCR) is a devastating disease in many areas of cereal production worldwide. It is well-known that drought stress enhances FCR severity but possible molecular relationship between these two stresses remains unclear. To investigate their relationships, we generated several pairs of near isogenic lines (NILs) targeting a locus conferring FCR resistance on chromosome 2D in bread wheat. One pair of these NILs showing significant differences between the two isolines for both FCR resistance and drought tolerance was used to investigate transcriptomic changes in responsive to these two stresses. Our results showed that the two isolines likely deployed different strategies in dealing with the stresses, and significant differences in expressed gene networks exist between the two time points of drought stresses evaluated in this study. Nevertheless, results from analysing Gene Ontology terms and transcription factors revealed that similar regulatory frameworks were activated in coping with these two stresses. Based on the position of the targeted locus, changes in expression following FCR infection and drought stresses, and the presence of non-synonymous variants between the two isolines, several candidate genes conferring resistance or tolerance to these two types of stresses were identified. The NILs generated, the large number of DEGs with single-nucleotide polymorphisms detected between the two isolines, and the candidate genes identified would be invaluable in fine mapping and cloning the gene(s) underlying the targeted locus.","Su Z, Gao S, Zheng Z, Stiller J, Hu S, McNeil MD, Shabala S, Zhou M, Liu C",Theoretical and Applied Genetics,2024
10.1007_s00122-023-04538-0,38291310,GenoBaitsWheatplusEE: a targeted capture sequencing panel for quick and accurate identification of wheat-Thinopyrum derivatives,"Thinopyrum species play a crucial role as a source of new genetic variations for enhancing wheat traits, including resistance to both abiotic and biotic factors. Accurate identification of exogenous chromosome(s) or chromosome segments or genes is essential following the introduction of alien genetic material into wheat, but this task remains challenging. This study aimed to develop a high-resolution wheat-Thinopyrum elongatum array, named GenoBaitsWheatplusEE, to trace alien genetic information by genotyping using a target sequencing system. This GenoBaitsWheatplusEE array included 90,000 capture probes derived from two species and integrated into one chip, with 10,000 and 80,000 originating from wheat and Th. elongatum, respectively. The capture probes were strategically positioned in genes and evenly distributed across the genome, facilitating the development of a roadmap for identifying each alien gene. The array was applied to the high-throughput identification of the alien chromosomes or segments in Thinopyrum and distantly related species and their derivatives. Our results demonstrated that the GenoBaitsWheatplusEE array could be used for direct identification of the breakpoint of alien segments, determine copy number of alien chromosomes, and reveal variations in wheat chromosomes by a single round of target sequencing of the sample. Additionally, we could efficiently and cost-effectively genotype, supporting the exploration of subgenome composition, phylogenetic relationships, and polymorphisms in essential genes (e.g., Fhb7 gene) among Thinopyrum species and their derivatives. We hope that GenoBaitsWheatplusEE will become a widely adopted tool for exporting wild germplasm for wheat improvement in the future.","Deng P, Du X, Wang Y, Yang X, Cheng X, Huang C, Li T, Li T, Chen C, Zhao J, Wang C, Liu X, Tian Z, Ji W",Theoretical and Applied Genetics,2024
10.1007_s00122-024-04542-y,38409375,"High-resolution mapping of Ryd4Hb, a major resistance gene to Barley yellow dwarf virus from Hordeum bulbosum","Virus diseases are causing high yield losses in crops worldwide. The Barley yellow dwarf virus (BYDV) complex is responsible for one of the most widespread and economically important viral diseases of cereals. While no gene conferring complete resistance (immunity) has been uncovered in the primary gene pool of barley, sources of resistance were searched and identified in the wild relative Hordeum bulbosum, representing the secondary gene pool of barley. One such locus, Ryd4Hb, has been previously introgressed into barley, and was allocated to chromosome 3H, but is tightly linked to a sublethality factor that prevents the incorporation and utilization of Ryd4Hb in barley varieties. To solve this problem, we fine-mapped Ryd4Hb and separated it from this negative factor. We narrowed the Ryd4Hb locus to a corresponding 66.5 kbp physical interval in the barley 'Morex' reference genome. The region comprises a gene from the nucleotide-binding and leucine-rich repeat immune receptor family, typical of dominant virus resistance genes. The closest homolog to this Ryd4Hb candidate gene is the wheat Sr35 stem rust resistance gene. In addition to the fine mapping, we reduced the interval bearing the sublethality factor to 600 kbp in barley. Aphid feeding experiments demonstrated that Ryd4Hb provides a resistance to BYDV rather than to its vector. The presented results, including the high-throughput molecular markers, will permit a more targeted selection of the resistance in breeding, enabling the use of Ryd4Hb in barley varieties.","Pidon H, Ruge-Wehling B, Will T, Habeku A, Wendler N, Oldach K, Maasberg-Prelle A, Korzun V, Stein N",Theoretical and Applied Genetics,2024
10.1007_s00122-024-04544-w,38286845,Fine mapping of powdery mildew resistance gene PmXNM in a Chinese wheat landrace Xiaonanmai,"Powdery mildew, caused by Blumeria graminis f. sp. tritici (Bgt), is a globally devastating disease threatening the yield and quality of wheat worldwide. The use of broad-spectrum disease resistance genes from wheat landraces is an effective strategy to prevent this pathogen. Chinese wheat landrace Xiaonanmai (XNM) was immune to 23 tested Bgt isolates at the seedling stage. The F1, F2, and F2:4 progenies derived from the cross between XNM and Chinese Spring (CS) were used in this study. Genetic analysis revealed that powdery mildew resistance in XNM was controlled by a single dominant gene, temporarily designated PmXNM. Bulked segregant analysis and molecular mapping delimited PmXNM to the distal terminal region of chromosome 4AL flanked by markers caps213923 and kasp511718. The region carrying the PmXNM locus was approximately 300.7 kb and contained nine high-confidence genes according to the reference genome sequence of CS. Five of these genes, annotated as disease resistance RPP13-like proteins 1, were clustered in the target region. Haplotype analysis using the candidate gene-specific markers indicated that the majority of 267 common wheat accessions (75.3%) exhibited extensive gene losses at the PmXNM locus, as confirmed by aligning the targeted genome sequences of CS with those of other sequenced wheat cultivars. Seven candidate gene-specific markers have proven effective for marker-assisted introgression of PmXNM into modern elite cultivars.","Xue S, Wang H, Ma Y, Sun T, Wang Y, Meng F, Wang X, Yang Z, Zhang J, Du J, Li S, Li Z",Theoretical and Applied Genetics,2024
10.1007_s00122-024-04550-y,38363421,Genome-wide association mapping for seedling and adult resistance to powdery mildew in barley,"Powdery mildew (PM), caused by Blumeria hordei, can occur at all post emergent stages of barley and constantly threatens crop production. To identify more genes for effective resistance to powdery mildew for use in breeding programs, 696 barley accessions collected from different regions of the world were evaluated for PM resistance at seedling and adult growth stages in three different states of Australia. These barley accessions were genotyped using DArTSeq with over 18,000 markers for a genome-wide association study (GWAS). Using the FarmCPU model, 54 markers showed significant associations with PM resistance scored at the seedling and adult-plant stages in different states of Australia. Another 40 markers showed tentative associations (LOD > 4.0) with resistance. These markers are distributed across all seven barley chromosomes. Most of them were grouped into eleven QTL regions, coinciding with the locations of most of the reported resistance genes. Two major MTAs were identified on chromosome arms 3HS and 5HL, with one on 3HS contributing to adult plant resistance and the one on 5HL to both seedling and adult plant resistance. An MTA on 7HS contributed mainly to the adult-plant resistance, while another one on chromosome arm 1HS made a significant contribution to the seedling resistance.","Guo J, Zhao C, Gupta S, Platz G, Snyman L, Zhou M",Theoretical and Applied Genetics,2024
10.1007_s00122-024-04553-9,38321245,Dissecting the genetic basis of Fusarium crown rot resistance in wheat by genome wide association study,"Fusarium crown rot (FCR) is a severe soil borne disease in many wheat growing regions of the world. In this study, we attempted to detect loci conferring FCR resistance through a new seedling inoculation assay. A total of 223 wheat accessions from different geography origins were used to assemble an association panel for GWAS analysis. Four genotypes including Heng 4332, Luwanmai, Pingan 998 and Yannong 24 showed stable resistance to FCR. A total of 54 SNPs associated with FCR resistance were identified. Among the 10 putative QTLs represented by these SNPs, seven QTLs on chromosome 2B, 3A, 3D, 4A, 7A and 7B were novel and were consistently detected in at least two of the three trials conducted. Qfcr. cau.3D-3, which was targeted by 38 SNPs clustered within a genomic region of approximately 5.57 Mb (609.12-614.69 Mb) on chromosome arm 3DL, was consistently detected in all the three trials. The effects of Qfcr.cau.3D-3 were further validated in two recombinant inbred line populations. The presence of this locus reduced FCR severity up to 21.55%. Interestingly, the collinear positions of sequences containing the four SNPs associated with two FCR loci (Qfcr.cau.3A and Qfcr.cau.3B) were within the regions of Qfcr.cau.3D-3, suggesting that genes underlying these three loci may be homologous. Our results provide useful information for improving FCR resistance in wheat.","Li J, Zhai S, Xu X, Su Y, Yu J, Gao Y, Yang J, Zheng Z, Li B, Sun Q, Xie C, Ma J",Theoretical and Applied Genetics,2024
10.1007_s00122-024-04555-7,38345612,A conditional mutation in a wheat (Triticum aestivum L.) gene regulating root morphology,"Root morphology is central to plants for the efficient uptake up of soil water and mineral nutrients. Here we describe a conditional mutant of hexaploid wheat (Triticum aestivum L.) that when grown in soil with high Ca2+ develops a larger rhizosheath accompanied with shorter roots than the wild type. In wheat, rhizosheath size is a reliable surrogate for root hair length and this was verified in the mutant which possessed longer root hairs than the wild type when grown in high C a2+ soil. We named the mutant Stumpy and showed it to be due to a single semi-dominant mutation. The short root phenotype at high Ca2+ was due to reduced cellular elongation which might also explain the long root hair phenotype. Analysis of root cell walls showed that the polysaccharide composition of Stumpy roots is remodelled when grown at non-permissive (high) Ca2+ concentrations. The mutation mapped to chromosome 7B and sequencing of the 7B chromosomes in both wild type and Stumpy identified a candidate gene underlying the Stumpy mutation. As part of the process to determine whether the candidate gene was causative, we identified wheat lines in a Cadenza TILLING population with large rhizosheaths but accompanied with normal root length. This finding illustrates the potential of manipulating the gene to disconnect root length from root hair length as a means of developing wheat lines with improved efficiency of nutrient and water uptake. The Stumpy mutant will be valuable for understanding the mechanisms that regulate root morphology in wheat.","Zeng D, Ford B, Dolezel J, Karafiatova M, Hayden MJ, Rathjen TM, George TS, Brown LK, Ryan PR, Pettolino FA, Mathesius U, Delhaize E",Theoretical and Applied Genetics,2024
10.1007_s00122-024-04561-9,38381194,Identification of a novel and plant height-independent QTL for coleoptile length in barley and validation of its effect using near isogenic lines,"Coleoptile length (CL) is one of the most important agronomic traits in cereal crops due to its direct influence on the optimal depth for seed sowing which facilitates better seedling establishment. Varieties with longer coleoptiles are preferred in drought-prone areas where less moisture maintains at the top layer of the soil. Compared to wheat, genetic study on coleoptile length is limited in barley. Here, we reported a study on detecting the genomic regions associated with CL in barley by assessing a population consisting of 201 recombinant inbred lines. Four putative QTL conferring CL were consistently identified on chromosomes 1H, 5H, 6H, and 7H in each of the trials conducted. Of these QTL, the two located on chromosomes 5H and 6H (designated as Qcl.caf-5H and Qcl.caf-6H) are likely novel and Qcl.caf-5H showed the most significant effect explaining up to 30.9% of phenotypic variance with a LOD value of 15.1. To further validate the effect of this putative QTL, five pairs of near isogenic lines (NILs) were then developed and assessed. Analysis of the NILs showed an average difference of 21.0% in CL between the two isolines. Notably, none of the other assessed morphological characteristics showed consistent differences between the two isolines for each pair of the NILs. Candidate genes underlying the Qcl.caf-5H locus were also predicted by employing orthologous analysis and comparing the genome assemblies for both parental genotypes of the mapping population in the present study. Taken together, these findings expand our understanding on genetic basis of CL and will be indicative for further gene cloning and functional analysis underly this locus in barley.","Gao S, Su Z, Ma J, Ma J, Liu C, Li H, Zheng Z",Theoretical and Applied Genetics,2024
10.1007_s00122-024-04562-8,38407646,Genome-wide association studies reveal novel loci for grain size in two-rowed barley (Hordeum vulgare L.),"Barley yield and quality are greatly influenced by grain size. Improving barley grain size in breeding programs requires knowledge of genetic loci and alleles in germplasm resources. In this study, a collection of 334 worldwide two-rowed barley accessions with extensive genetic diversity was evaluated for grain size including grain length (GL), grain width (GW), and thousand-grain weight (TGW) across six independent field trials. Significant differences were observed in genotype and environments for all measured traits. SNP- and InDel-based GWAS were applied to dissect the genetic architecture of grain size with an SLAF-seq strategy. Two approaches using the FarmCPU model revealed 38 significant marker-trait associations (MTAs) with PVE ranging from 0.01% to 20.68%. Among these MTAs, five were on genomic regions where no previously reported QTL for grain size. Superior alleles of TGW-associated SNP233060 and GL-associated InDel11006 exhibited significantly higher levels of phenotype. The significant MTAs could be used in marker-assisted selection breeding.","Hong Y, Zhang M, Zhu J, Zhang Y, Lv C, Guo B, Wang F, Xu R",Theoretical and Applied Genetics,2024
10.1007_s00122-024-04564-6,38402327,Identification of genetic loci and candidate genes underlying freezing tolerance in wheat seedlings,"Frost damage restricts wheat growth, development, and geographical distribution. However, the genetic mechanism of freezing tolerance (FT) remains unclear. Here, we evaluated FT phenotypes of 245 wheat varieties and lines, and genotyped them using a Wheat 90 K array. The association analysis showed that ten stable loci were significantly associated with FT (P < 1 x 10-4), and explained 6.45-26.33% of the phenotypic variation. In particular, the major locus QFT.ahau-7B.2 was consistently related to all nine sets of FT phenotypic data. Based on five cleaved amplified polymorphic sequence (CAPS) markers closely linked to QFT.ahau-7B.2, we narrowed down the target region to the 570.67-571.16 Mb interval (0.49 Mb) on chromosome 7B, in which four candidate genes were annotated. Of these, only TaRPM1-7BL exhibited consistent differential expression after low temperature treatment between freezing-tolerant and freezing-sensitive varieties. The results of cloning and whole-exome capture sequencing indicated that there were two main haplotypes for TaRPM1-7BL, including freezing-tolerant Hap1 and freezing-sensitive Hap2. Based on the representative SNP (+1956, A_G), leading to an amino acid change in the NBS domain, a CAPS marker (CAPS-TaRPM1-7BL) was developed and validated in 431 wheat varieties (including the above 245 materials) and 318 F2 lines derived from the cross of 'Annong 9267' (freezing-tolerant) x 'Yumai 9' (freezing-sensitive). Subsequently, the TaRPM1-7BL gene was silenced in 'Yumai 9' by virus-induced gene silencing (VIGS), and these silenced wheat seedlings exhibited enhanced FT phenotypes, suggesting that TaRPM1-7BL negatively regulates FT. These findings are valuable for understanding the complex genetic basis of FT in wheat.","Pan X, Nie X, Gao W, Yan S, Feng H, Cao J, Lu J, Shao H, Ma C, Chang C, Zhang H",Theoretical and Applied Genetics,2024
10.1007_s00122-024-04577-1,38451354,A new winter wheat genetic resource harbors untapped diversity from synthetic hexaploid wheat,"The allelic richness harbored in progenitors of hexaploid bread wheat (Triticum aestivum L.) is a useful resource for addressing the genetic diversity bottleneck in modern cultivars. Synthetic hexaploid wheat (SHW) is created through resynthesis of the hybridisation events between the tetraploid (Triticum turgidum subsp. durum Desf.) and diploid (Aegilops tauschii Coss.) bread wheat progenitors. We developed a large and diverse winter wheat nested association mapping (NAM) population (termed the NIAB_WW_SHW_NAM) consisting of 3241 genotypes derived from 54 nested back-cross 1 ( BC1) populations, each formed via back-crossing a different primary SHW into the UK winter wheat cultivar 'Robigus'. The primary SHW lines were created using 15 T. durum donors and 47 Ae. tauschii accessions that spanned the lineages and geographical range of the species. Primary SHW parents were typically earlier flowering, taller and showed better resistance to yellow rust infection (Yr) than 'Robigus'. The NIAB_WW_SHW_NAM population was genotyped using a single nucleotide polymorphism (SNP) array and 27 quantitative trait loci (QTLs) were detected for flowering time, plant height and Yr resistance. Across multiple field trials, a QTL for Yr resistance was found on chromosome 4D that corresponded to the Yr28 resistance gene previously reported in other SHW lines. These results demonstrate the value of the NIAB_WW_SHW_NAM population for genetic mapping and provide the first evidence of Yr28 working in current UK environments and genetic backgrounds. These examples, coupled with the evidence of commercial wheat breeders selecting promising genotypes, highlight the potential value of the NIAB_WW_SHW_NAM to variety improvement.","Wright TIC, Horsnell R, Love B, Burridge AJ, Gardner KA, Jackson R, Leigh FJ, Ligeza A, Heuer S, Bentley AR, Howell P",Theoretical and Applied Genetics,2024
10.1007_s00122-024-04581-5,38446189,The Hessian fly resistance gene HvRHF1 is localized in an NBS-LRR gene cluster in barley,"Hessian fly (Mayetiola destructor Say) is a significant pest in cereal crops, causing substantial yield losses worldwide. While host resistance is the most efficient method for pest control, research on genetic characterization of Hessian fly resistance in barley (Hordeum vulgare L.) has been limited, and the underlying resistance mechanism remains largely unknown. In this study, we conducted fine mapping of a crucial Hessian fly resistance locus, known as HvRHF1, using a biparental population. Assisted with genetic markers and robust phenotyping assay, we pinpointed the HvRHF1 gene to an ~ 82 kb region on chromosome 4H. Gene prediction and annotation revealed that the HvRHF1 locus comprises three complete NBS-LRR genes, which are characteristic of disease resistance genes. As a result, our study not only provides valuable resources for resistance in barley and genetic tools for breeding, but also identifies candidate genes that lay the foundation for cloning HvRHF1. This endeavor will significantly contribute to our understanding of the molecular mechanisms underlying cereal resistance to Hessian fly.","Karki M, Robbani MG, Chu C, Xu S, Liu Z, Yang S",Theoretical and Applied Genetics,2024
10.1007_s00122-024-04582-4,38532180,A diverse panel of 755 bread wheat accessions harbors untapped genetic diversity in landraces and reveals novel genetic regions conferring powdery mildew resistance,"Wheat breeding for disease resistance relies on the availability and use of diverse genetic resources. More than 800,000 wheat accessions are globally conserved in gene banks, but they are mostly uncharacterized for the presence of resistance genes and their potential for agriculture. Based on the selective reduction of previously assembled collections for allele mining for disease resistance, we assembled a trait-customized panel of 755 geographically diverse bread wheat accessions with a focus on landraces, called the LandracePLUS panel. Population structure analysis of this panel based on the TaBW35K SNP array revealed an increased genetic diversity compared to 632 landraces genotyped in an earlier study and 17 high-quality sequenced wheat accessions. The additional genetic diversity found here mostly originated from Turkish, Iranian and Pakistani landraces. We characterized the LandracePLUS panel for resistance to ten diverse isolates of the fungal pathogen powdery mildew. Performing genome-wide association studies and dividing the panel further by a targeted subsetting approach for accessions of distinct geographical origin, we detected several known and already cloned genes, including the Pm2a gene. In addition, we identified 22 putatively novel powdery mildew resistance loci that represent useful sources for resistance breeding and for research on the mildew-wheat pathosystem. Our study shows the value of assembling trait-customized collections and utilizing a diverse range of pathogen races to detect novel loci. It further highlights the importance of integrating landraces of different geographical origins into future diversity studies.","Leber R, Heuberger M, Widrig V, Jung E, Paux E, Keller B, Sanchez-Martin J",Theoretical and Applied Genetics,2024
10.1007_s00122-024-04584-2,38489037,Chromosomal mapping of a major genetic locus from Agropyron cristatum chromosome 6P that influences grain number and spikelet number in wheat,"Agropyron cristatum (2n = 4x = 28, PPPP), which has the characteristics of high yield with multiple flowers and spikelets, is a promising gene donor for wheat high-yield improvement. Identifying the genetic loci and genes that regulate yield could elucidate the genetic variations in yield-related traits and provide novel gene sources and insights for high-yield wheat breeding. In this study, cytological analysis and molecular marker analysis revealed that del10a and del31a were wheat-A. cristatum chromosome 6P deletion lines. Notably, del10a carried a segment of the full 6PS and 6PL bin (1-13), while del31a carried a segment of the full 6PS and 6PL bin (1-8). The agronomic characterization and genetic population analysis confirmed that the 6PL bin (9-13) brought about an increase in grain number per spike (average increase of 10.43 grains) and spikelet number per spike (average increase of 3.67) over the three growing seasons. Furthermore, through resequencing, a multiple grain number locus was mapped to the physical interval of 593.03-713.89 Mb on chromosome 6P of A. cristatum Z559. The RNA-seq analysis revealed the expression of 537 genes in the del10a young spike tissue, with the annotation indicating that 16 of these genes were associated with grain number and spikelet number. Finally, a total of ten A. cristatum-specific molecular markers were developed for this interval. In summary, this study presents novel genetic material that is useful for high-yield wheat breeding initiatives to meet the challenge of global food security through enhanced agricultural production.","Lin Y, Zhou S, Yang W, Han B, Liang X, Zhang Y, Zhang J, Han H, Guo B, Liu W, Yang X, Li X, Li L",Theoretical and Applied Genetics,2024
10.1007_s00122-024-04588-y,38491113,Identification and validation of major and stable quantitative trait locus for falling number in common wheat (Triticum aestivum L.),"The falling number (FN) is considered one of the most important quality traits of wheat grain and is the most important quality evaluation index for wheat trade worldwide. The quantitative trait loci (QTLs) for FN were mapped in three years of experiments. 23, 30, and 58 QTLs were identified using the ICIM-BIP, ICIM-MET, and ICIM-EPI methods, respectively. Among them, seven QTLs were considered stable. QFn.sau-1B.2, which was mapped to the 1BL chromosome, can explain 13.6% of the phenotypic variation on average and is considered a major and stable QTL for FN. This QTL was mapped in a 1 cM interval and is flanked by the markers AX-110409346 and AX-108743901. Epistatic analysis indicated that QFN.sau-1B.2 has a strong influence on FN through both additive and epistatic effects. The Kompetitive Allele-Specific PCR marker KASP-AX-108743901, which is closely linked to QFn.sau-1B.2, was designed. The genetic effect of QFn.sau-1B.2 on FN was successfully confirmed in Chuannong18 x T1208 and CN17 x CN11 populations. Moreover, the results of the additive effects of favorable alleles for FN showed that the QTLs for FN had significant effects not only on FN but also on the resistance to spike germination. Within the interval of QFn.sau-1B.2, 147 high-confidence genes were found. According to the gene annotation and the transcriptome data, four genes might be associated with FN. QFn.sau-1B.2 may provide a new resource for the high-quality breeding of wheat in the future.","Li Z, Luo Q, Gan Y, Li X, Ou X, Deng Y, Fu S, Tang Z, Tan F, Luo P, Ren T",Theoretical and Applied Genetics,2024
10.1007_s00122-024-04589-x,38512468,Quantitative trait loci detection for three tiller-related traits and the effects on wheat (Triticum aestivum L.) yields,"Tiller-related traits play an important role in determining the yield potential of wheat. Therefore, it is important to elucidate the genetic basis for tiller number when attempting to use genetic improvement as a tool for enhancing wheat yields. In this study, a quantitative trait locus (QTL) analysis of three tiller-related traits was performed on the recombinant inbred lines (RILs) of a mapping population, referred to as KJ-RILs, that was derived from a cross between the Kenong 9204 (KN9204) and Jing 411 (J411) lines. A total of 38 putative additive QTLs and 55 pairwise putative epistatic QTLs for spike number per plant (SNPP), maximum tiller number (MTN), and ear-bearing tiller rate (EBTR) were detected in eight different environments. Among these QTLs with additive effects, three major and stable QTLs were first documented herein. Almost all but two pairwise epistatic QTLs showed minor interaction effects accounting for no more than 3.0% of the phenotypic variance. The genetic effects of two colocated major and stable QTLs, i.e., qSnpp-KJ-5D.1 and qMtn-KJ-5D, for yield-related traits were characterized. The breeding selection effect of the beneficial allele for the two QTLs was characterized, and its genetic effects on yield-related traits were evaluated. The candidate genes underlying qMtn-KJ-5D were predicted based on multi-omics data, and TraesKN5D01HG00080 was identified as a likely candidate gene. Overall, our results will help elucidate the genetic architecture of tiller-related traits and can be used to develop novel wheat varieties with high yields.","Cai Y, Zhou X, Wang C, Liu A, Sun Z, Li S, Shi X, Yang S, Guan Y, Cheng J, Wu Y, Qin R, Sun H, Zhao C, Li J, Cui F",Theoretical and Applied Genetics,2024
10.1007_s00122-024-04593-1,38568320,Identification and functional analysis of a chromosome 2D fragment harboring TaFPF1 gene with the potential for yield improvement using a late heading wheat mutant,"In recent years, wheat production has faced formidable challenges driven by rapid population growth and climate change, emphasizing the importance of improving specific agronomic traits such as heading date, spike length, and grain size. To identify potential genes for improving these traits, we screened a wheat EMS mutant library and identified a mutant, designated m406, which exhibited a significantly delayed heading date compared to the wild-type. Intriguingly, the mutant also displayed significantly longer spike and larger grain size. Genetic analysis revealed that a single recessive gene was responsible for the delayed heading. Surprisingly, a large 46.58 Mb deletion at the terminal region of chromosome arm 2DS in the mutant was identified through fine mapping and fluorescence in situ hybridization. Thus, the phenotypes of the mutant m406 are controlled by a group of linked genes. This deletion encompassed 917 annotated high-confidence genes, including the previously studied wheat genes Ppd1 and TaDA1, which could affect heading date and grain size. Multiple genes in this region probably contribute to the phenotypes of m406. We further investigated the function of TaFPF1 using gene editing. TaFPF1 knockout mutants showed delayed heading and increased grain size. Moreover, we identified the direct upstream gene of TaFPF1 and investigated its relationship with other important flowering genes. Our study not only identified more genes affecting heading and grain development within this deleted region but also highlighted the potential of combining these genes for improvement of wheat traits.","Wu L, Li G, Li D, Dong C, Zhang X, Zhang L, Yang Z, Kong X, Xia C, Chen J, Liu X",Theoretical and Applied Genetics,2024
10.1007_s00122-024-04612-1,38709310,Characterizing stay-green in barley across diverse environments: unveiling novel haplotypes,"Barley is considered one of the most naturally resilient crops making it an excellent candidate to dissect the genetics of drought adaptive component traits. Stay-green, is thought to contribute to drought adaptation, in which the photosynthetic machinery is maintained for a longer period post-anthesis increasing the photosynthetic duration of the plant. In other cereal crops, including wheat, stay-green has been linked to increased yield under water-limited conditions. Utilizing a panel of diverse barley breeding lines from a commercial breeding program we aimed to characterize stay-green in four environments across two years. Spatiotemporal modeling was used to accurately model senescence patterns from flowering to maturity characterizing the variation for stay-green in barley for the first time. Environmental effects were identified, and multi-environment trait analysis was performed for stay-green characteristics during grain filling. A consistently positive genetic correlation was found between yield and stay-green. Twenty-two chromosomal regions with large effect haplotypes were identified across and within environment types, with ten being identified in multiple environments. In silico stacking of multiple desirable haplotypes showed an opportunity to improve the stay-green phenotype through targeted breeding. This study is the first of its kind to model barley stay-green in a large breeding panel and has detected novel, stable and environment specific haplotypes. This provides a platform for breeders to develop Australian barley with custom senescence profiles for improved drought adaptation.","Brunner SM, Dinglasan E, Baraibar S, Alahmad S, Katsikis C, van der Meer S, Godoy J, Moody D, Smith M, Hickey L, Robinson H",Theoretical and Applied Genetics,2024
10.1007_s00122-024-04613-0,38637355,Statistical sampling of missing environmental variables improves biophysical genomic prediction in wheat,"Since the invention of whole-genome prediction (WGP) more than two decades ago, breeding programmes have established extensive reference populations that are cultivated under diverse environmental conditions. The introduction of the CGM-WGP model, which integrates crop growth models (CGM) with WGP, has expanded the applications of WGP to the prediction of unphenotyped traits in untested environments, including future climates. However, CGMs require multiple seasonal environmental records, unlike WGP, which makes CGM-WGP less accurate when applied to historical reference populations that lack crucial environmental inputs. Here, we investigated the ability of CGM-WGP to approximate missing environmental variables to improve prediction accuracy. Two environmental variables in a wheat CGM, initial soil water content (InitlSoilWCont) and initial nitrate profile, were sampled from different normal distributions separately or jointly in each iteration within the CGM-WGP algorithm. Our results showed that sampling InitlSoilWCont alone gave the best results and improved the prediction accuracy of grain number by 0.07, yield by 0.06 and protein content by 0.03. When using the sampled InitlSoilWCont values as an input for the traditional CGM, the average narrow-sense heritability of the genotype-specific parameters (GSPs) improved by 0.05, with GNSlope, PreAnthRes, and VernSen showing the greatest improvements. Moreover, the root mean square of errors for grain number and yield was reduced by about 7% for CGM and 31% for CGM-WGP when using the sampled InitlSoilWCont values. Our results demonstrate the advantage of sampling missing environmental variables in CGM-WGP to improve prediction accuracy and increase the size of the reference population by enabling the utilisation of historical data that are missing environmental records.","Jighly A, Thayalakumaran T, Kant S, Panozzo J, Aggarwal R, Hessel D, Forrest KL, Technow F, Totir R, Goddard M, Pryce J, Hayden MJ, Munkvold J, O'Leary GJ",Theoretical and Applied Genetics,2024
10.1007_s00122-024-04614-z,38656338,Pre-breeding of spontaneous Robertsonian translocations for density planting architecture by transferring Agropyron cristatum chromosome 1P into wheat,"Agropyron cristatum, a wild relative of wheat, is a valuable germplasm resource for improving wheat genetic diversity and yield. Our previous study confirmed that the A. cristatum chromosome 1P carries alien genes that reduce plant height and leaf size in wheat. Here, we developed T1AL1PS and T1AS1PL Robertsonian translocations (RobTs) by breakage-fusion mechanism based on wheat-A. cristatum 1P (1A) substitution line II-3-1c. Combining molecular markers and cytological analysis, we identified 16 spontaneous RobTs from 911 F2 individuals derived from the cross of Jimai22 and II-3-1c. Fluorescence in situ hybridization (FISH) was applied to detect the fusion structures of the centromeres in wheat and A. cristatum chromosomes. Resequencing results indicated that the chromosomal junction point was located at the physical position of Triticum aestivum chromosome 1A (212.5 Mb) and A. cristatum chromosome 1P (230 Mb). Genomic in situ hybridization (GISH) in pollen mother cells showed that the produced translocation lines could form stable ring bivalent. Introducing chromosome 1PS translocation fragment into wheat significantly increased the number of fertile tillers, grain number per spike, and grain weight and reduced the flag leaf area. However, introducing chromosome 1PL translocation fragment into wheat significantly reduced flag leaf area and plant height with a negative effect on yield components. The pre-breeding of two spontaneous RobTs T1AL1PS and T1AS1PL was important for wheat architecture improvement.","Han B, Wang X, Sun Y, Kang X, Zhang M, Luo J, Han H, Zhou S, Lu Y, Liu W, Yang X, Li X, Zhang J, Li L",Theoretical and Applied Genetics,2024
10.1007_s00122-024-04616-x,38678511,Mapping and characterization of rust resistance genes Lr53 and Yr35 introgressed from Aegilops species,"Wheat leaf and stripe rusts are damaging fungal diseases of wheat worldwide. Breeding for resistance is a sustainable approach to control these two foliar diseases. In this study, we used SNP analysis, sequence comparisons, and cytogenetic assays to determine that the chromosomal segment carrying Lr53 and Yr35 was originated from Ae.longissima or Ae. sharonensis or their derived species. In seedling tests, Lr53 conferred strong resistance against all five Chinese Pt races tested, and Yr35 showed effectiveness against Pst race CYR34 but susceptibility to race CYR32. Using a large population (3892 recombinant gametes) derived from plants homozygous for the ph1b mutation obtained from the cross 98M71 x CSph1b, both Lr53 and Yr35 were successfully mapped to a 6.03-Mb telomeric region of chromosome arm 6BS in the Chinese Spring reference genome v1.1. Co-segregation between Lr53 and Yr35 was observed within this large mapping population. Within the candidate region, several nucleotide-binding leucine-rich repeat genes and protein kinases were identified as candidate genes. Marker pku6B3127 was completely linked to both genes and accurately predicted the absence or presence of alien segment harboring Lr53 and Yr35 in 87 tetraploid and 149 hexaploid wheat genotypes tested. We developed a line with a smaller alien segment (< 6.03 Mb) to reduce any potential linkage drag and demonstrated that it conferred resistance levels similar to those of the original donor parent 98M71. The newly developed introgression line and closely linked PCR markers will accelerate the deployment of Lr53 and Yr35 in wheat breeding programs.","Xu B, Shen T, Chen H, Li H, ur Rehman S, Lyu S, Hua L, Wang G, Zhang C, Li K, Li H, Lan C, Chen G, Hao M, Chen S",Theoretical and Applied Genetics,2024
10.1007_s00122-024-04618-9,38691245,Investigating the genetic control of plant development in spring barley under speed breeding conditions,"Speed breeding is a tool to accelerate breeding and research programmes. Despite its success and growing popularity with breeders, the genetic basis of plant development under speed breeding remains unknown. This study explored the developmental advancements of barley genotypes under different photoperiod regimes. A subset of the HEB-25 Nested Association Mapping population was evaluated for days to heading and maturity under two contrasting photoperiod conditions: (1) Speed breeding (SB) consisting of 22 h of light and 2 h of darkness, and (2) normal breeding (NB) consisting of 16 h of light and 8 h of darkness. GWAS revealed that developmental responses under both conditions were largely controlled by two loci: PPDH-1 and ELF3. Allelic variants at these genes determine whether plants display early flowering and maturity under both conditions. At key QTL regions, domesticated alleles were associated with late flowering and maturity in NB and early flowering and maturity in SB, whereas wild alleles were associated with early flowering under both conditions. We hypothesize that this is related to the dark-dependent repression of PPD-H1 by ELF3 which might be more prominent in NB conditions. Furthermore, by comparing development under two photoperiod regimes, we derived an estimate of plasticity for the two traits. Interestingly, plasticity in development was largely attributed to allelic variation at ELF3. Our results have important implications for our understanding and optimization of speed breeding protocols particularly for introgression breeding and the design of breeding programmes to support the delivery of climate-resilient crops.","Rossi N, Powell W, Mackay IJ, Hickey L, Maurer A, Pillen K, Halliday K, Sharma R",Theoretical and Applied Genetics,2024
10.1007_s00122-024-04620-1,38698276,Identification of candidate genes for adult plant stripe rust resistance transferred from Aegilops ventricosa 2NvS into wheat via fine mapping and transcriptome analysis,"The 2NvS translocation from Aegilops ventricosa, known for its resistance to various diseases, has been pivotal in global wheat breeding for more than three decades. Here, we identified an adult plant resistance (APR) gene in the 2 NvS segment in wheat line K13-868. Through fine mapping in a segregating near-isogenic line (NIL) derived population of 6389 plants, the candidate region for the APR gene was narrowed down to between 19.36 Mb and 33 Mb in the Jagger reference genome. Transcriptome analysis in NILs strongly suggested that this APR gene conferred resistance to stripe rust by triggering plant innate immune responses. Based on the gene expression analysis, two disease resistance-associated genes within the candidate region, TraesJAG2A03G00588940 and TraesJAG2A03G00590140, exhibited a stronger response to Puccinia striiformis f. sp. tritici (Pst) infection at the adult plant stage than at the seedling stage, indicating that they could be potential candidates for the resistance gene. Additionally, we developed a co-dominant InDel marker, InDel_31.05, for detecting this APR gene. Applying this marker showed that over one-half of the wheat varieties approved in 2021 and 2022 in Sichuan province, China, carry this gene. Agronomic trait evaluation of NILs indicated that the 2NvS segment effectively mitigated the negative effects of stripe rust on yield without affecting other important agronomic traits. This study provided valuable insights for cloning and breeding through the utilization of the APR gene present in the 2NvS segment.","Wang Y, Gao M, Jiang Y, Huang W, Zhao X, Zhu W, Li H, Wang Y, Zeng J, Wu D, Wei Y, Zhou Y, Zheng Y, Zhang P, Chen G, Kang H",Theoretical and Applied Genetics,2024
10.1007_s00122-024-04621-0,38709271,Identification and map-based cloning of an EMS-induced mutation in wheat gene TaSP1 related to spike architecture,"Spike shape, an important factor that affects wheat grain yield, is mainly defined by spike length (SPL), spikelet number (SPN), and compactness. Zhoumai32 mutant 1160 (ZM1160), a mutant obtained from ethyl methane sulfonate (EMS) treatment of hexaploid wheat variety Zhoumai32, was used to identify and clone the candidate gene that conditioned the spike shape. Genetic analysis of an F 2 population derived from a cross of ZM1160 and Bainong207 suggested that the compact spike shape in ZM1160 was controlled by a single recessive gene, and therefore, the mutated gene was designated as Tasp1. With polymorphic markers identified through bulked segregant analysis (BSA), the gene was mapped to a 2.65-cM interval flanked by markers YZU0852 and MIS46239 on chromosome 7D, corresponding to a 0.42-Mb physical interval of Chinese spring (CS) reference sequences (RefSeq v1.0). To fine map TaSP1, 15 and seven recombinants were, respectively, screened from 1599 and 1903 F 3 plants derived from the heterozygous F 2 plants. Finally, TaSP1 was delimited to a 21.9 Kb (4,870,562 to 4,892,493 bp) Xmis48123-Xmis48104 interval. Only one high-confidence gene TraesCS7D02G010200 was annotated in this region, which encodes an unknown protein with a putative vWA domain. Quantitative reverse transcription PCR (qRT-PCR) analysis showed that TraesCS7D02G010200 was mainly expressed in the spike. Haplotype analysis of 655 wheat cultivars using the candidate gene-specific marker Xg010200p2 identified a superior haplotype TaSP1b with longer spike and more spikelet number. TaSP1 is beneficial to the improvement in wheat spike shape.","Zhang L, Zhou H, Fu X, Zhou N, Liu M, Bai S, Zhao X, Cheng R, Li S, Zhang D",Theoretical and Applied Genetics,2024
10.1007_s00122-024-04629-6,38709317,Fine-mapping and validation of the major quantitative trait locus QFlANG-4B for flag leaf angle in wheat,"Flag leaf angle (FLANG) is closely related to crop architecture and yield. We previously identified the quantitative trait locus (QTL) QFLANG-4B for FLANG on chromosome 4B, located within a 14-cM interval flanked by the markers Xbarc20 and Xzyh357, using a mapping population of recombinant inbred lines (RILs) derived from a cross between Nongda3331 (ND3331) and Zang1817. In this study, we fine-mapped QFLANG-4B and validated its associated genetic effect. We developed a B C3F3 population using ND3331 as the recurrent parent through marker-assisted selection, as well as nearisogenic lines (NILs) by selfing B C3F3 plants carrying different heterozygous segments for the QFLANG-4B region. We obtained eight recombinant types for QFLANG-4B, narrowing its location down to a 5.3-Mb region. This region contained 76 predicted genes, 7 of which we considered to be likely candidate genes for QFLANG-4B. Marker and phenotypic analyses of individual plants from the secondary mapping populations and their progeny revealed that the FLANG of the ND3331 allele is significantly higher than that of the Zang1817 allele in multiple environments. These results not only provide a basis for the map-based cloning of QFLANG-4B, but also indicate that QFLANG-4B has great potential for marker-assisted selection in wheat breeding programs designed to improve plant architecture and yield.","Zhang W, Chen X, Yang K, Chang S, Zhang X, Liu M, Wu L, Xin M, Hu Z, Liu J, Peng H, Ni Z, Sun Q, Yao Y, Du J",Theoretical and Applied Genetics,2024
10.1007_s00122-024-04634-9,38727862,Novel PHOTOPERIOD-1 gene variants associate with yield-related and root-angle traits in European bread wheat,"The sequence diversity of three homoeologous copies of the PHOTOPERIOD-1 gene in European winter wheat was analyzed by Oxford Nanopore amplicon-based multiplex sequencing and molecular markers in a panel of 194 cultivars representing breeding progress over the past 5 decades. A strong, consistent association with an average 8% increase in grain yield was observed for the PpdA1-Hap1 haplotype across multiple environments. This haplotype was found to be linked in 51% of cultivars to the 2NS_2AS translocation, originally introduced from Aegilops ventricosa, which leads to an overestimation of its effect. However, even in cultivars without the 2NS_2AS translocation, PpdA1-Hap1 was significantly associated with increased grain yield, kernel per spike and kernel per m2 under optimal growth conditions, conferring a 4% yield advantage compared to haplotype PpdA1-Hap4. In contrast to Ppd-B1 and Ppd-D1, the Ppd-A1 gene exhibits novel structural variations and a high number of SNPs, highlighting the evolutionary changes that have occurred in this region over the course of wheat breeding history. Additionally, cultivars carrying the photoperiod-insensitive Ppd-D1a allele not only exhibit earlier heading, but also deeper roots compared to those with photoperiod-sensitive alleles under German conditions. PCR and KASP assays have been developed that can be effectively employed in marker-assisted breeding programs to introduce these favorable haplotypes.","Makhoul M, Schlichtermann R, Ugwuanyi S, Weber SE, Voss-Fels KP, Stahl A, Zetzsche H, Wittkop B, Snowdon RJ, Obermeier C",Theoretical and Applied Genetics,2024
10.1007_s00122-024-04636-7,38733405,"Natural variant of Rht27, a dwarfing gene, enhances yield potential in wheat","Plant height plays a crucial role in crop architecture and grain yield, and semi-dwarf Reduced Height (Rht) alleles contribute to lodging resistance and were important in ""Green Revolution."" However, the use of these alleles is associated with some negative side effects in some environments, such as reduced coleoptile length, low nitrogen use efficiency, and reduced yield. Therefore, novel dwarf gene resources are needed to pave an alternative route to overcome these side effects. In this study, a super-dwarf mutant rht27 was obtained by the mutagenesis of G1812 (Triticum urartu, the progenitor of the A sub-genome of common wheat). Genetic analysis revealed that the dwarf phenotype was regulated by a single recessive genetic factor. The candidate region for Rht27 was narrowed to a 1.55 Mb region on chromosome 3, within which we found two potential candidate genes that showed polymorphisms between the mutant and non-mutagenized G1812. Furthermore, the natural variants and elite haplotypes of the two candidates were investigated in a natural population of common wheat. The results showed that the natural variants affect grain yield components, and the dwarf haplotypes show the potential in improving agronomic traits and grain yield. Although the mutation in Rht27 results in severe dwarf phenotype in T. urartu, the natural variants in common wheat showed desirable phenotype, which suggests that Rht27 has the potential to improve wheat yield by utilizing its weak allelic mutation or fine-tuning its expression level.","Liu X, Zheng S, Tian S, Si Y, Ma S, Ling H, Niu J",Theoretical and Applied Genetics,2024
10.1007_s00122-024-04640-x,38748046,Genome-wide association study and genomic selection of spike-related traits in bread wheat,"Wheat (Triticum aestivum L.) is one of the three primary global, staple crops. Improving spike-related traits in wheat is crucial for optimizing spike and plant morphology, ultimately leading to increased grain yield. Here, we performed a genome-wide association study using a dataset of 24,889 high-quality unique single-nucleotide polymorphisms (SNPs) and phenotypic data from 314 wheat accessions across eight diverse environments. In total, 337 stable and significant marker-trait associations (MTAs) related to spike-related traits were identified. MTA259 and MTA64 were consistently detected in seven and six environments, respectively. The presence of favorable alleles associated with MTA259 and MTA64 significantly reduced wheat spike exsertion length and spike length, while enhancing thousand kernel weight and yield per plant. Combined gene expression and network analyses identified TraesCS6D03G0692300 and TraesCS6D03G0692700 as candidate genes for MTA259 and TraesCS2D03G0111700 and TraesCS2D03G0112500 for MTA64. The identified MTAs significantly improved the prediction accuracy of each model compared with using all the SNPs, and the random forest model was optimal for genome selection. Additionally, the eight stable and major MTAs, including MTA259, MTA64, MTA66, MTA94, MTA110, MTA165, MTA180, and MTA164, were converted into cost-effective and efficient detection markers. This study provided valuable genetic resources and reliable molecular markers for wheat breeding programs.","Xu H, Wang Z, Wang F, Hu X, Ma C, Jiang H, Xie C, Gao Y, Ding G, Zhao C, Qin R, Cui D, Sun H, Cui F, Wu Y",Theoretical and Applied Genetics,2024
10.1007_s00122-024-04650-9,38780770,Characterization of a new greenbug resistance gene Gb9 in a synthetic hexaploid wheat,"Greenbug [Schizaphis graminum (Rondani)] is a serious insect pest that not only damages cereal crops, but also transmits several destructive viruses. The emergence of new greenbug biotypes in the field makes it urgent to identify novel greenbug resistance genes in wheat. CWI 76364 (PI 703397), a synthetic hexaploid wheat (SHW) line, exhibits greenbug resistance. Evaluation of an F2:3 population from cross OK 14319 x CWI 76364 indicated that a dominant gene, designated Gb9, conditions greenbug resistance in CWI 76364. Selective genotyping of a subset of F2 plants with contrasting phenotypes by genotyping-by-sequencing identified 25 SNPs closely linked to Gb9 on chromosome arm 7DL. Ten of these SNPs were converted to Kompetitive allele-specific polymerase chain reaction (KASP) markers for genotyping the entire F2 population. Genetic analysis delimited Gb9 to a 0.6-Mb interval flanked by KASP markers located at 599,835,668 bp (Stars-KASP872) and 600,471,081 bp (Stars-KASP881) on 7DL. Gb9 was 0.5 cM distal to Stars-KASP872 and 0.5 cM proximal to StarsKASP881. Allelism tests indicated that Gb9 is a new greenbug resistance gene which confers resistance to greenbug biotypes C, E, H, I, and TX1. TX1 is one of the most widely virulent biotypes and has overcome most known wheat greenbug resistance genes. The introgression of Gb9 into locally adapted wheat cultivars is of economic importance, and the KASP markers developed in this study can be used to tag Gb9 in cultivar development.","Xu X, Li G, Bai G, Bian R, Bernardo A, Wolabu TW, Carver BF, Wu Y, Elliott N",Theoretical and Applied Genetics,2024
10.1007_s00122-024-04652-7,38834870,Identification and validation of two major QTL for grain number per spike on chromosomes 2B and 2D in bread wheat (Triticum aestivum L.),"Grain number per spike (GNS) is one of the main components of wheat yield. Genetic dissection of their regulatory factors is essential to improve the yield potential. In present study, a recombinant inbred line population comprising 180 lines developed from the cross between a high GNS line W7268 and a cultivar Chuanyu12 was employed to identify quantitative trait loci (QTL) associated with GNS across six environments. Two major QTL, QGns.cib-2B.1 and QGns.cib-2D.1, were detected in at least four environments with the phenotypic variations of 12.99-27.07% and 8.50-13.79%, respectively. And significant interactions were observed between the two major QTL. In addition, QGns.cib-2B.1 is a QTL cluster for GNS, grain number per spikelet and fertile tiller number, and they were validated in different genetic backgrounds using Kompetitive Allele Specific PCR (KASP) markers. QGns.cib-2B.1 showed pleotropic effects on other yield-related traits including plant height, spike length, and spikelet number per spike, but did not significantly affect thousand grain weight which suggested that it might be potentially applicable in breeding program. Comparison analysis suggested that QGns. cib-2B.1 might be a novel QTL. Furthermore, haplotype analysis of QGns.cib-2B.1 indicated that it is a hot spot of artificial selection during wheat improvement. Based on the expression patterns, gene annotation, orthologs analysis and sequence variations, the candidate genes of QGns.cib-2B.1 were predicted. Collectively, the major QTL and KASP markers reported here provided a wealth of information for the genetic basis of GNS and grain yield improvement.","Liao S, Xu Z, Fan X, Zhou Q, Liu X, Jiang C, Ma F, Wang Y, Wang T, Feng B",Theoretical and Applied Genetics,2024
10.1007_s00122-024-04654-5,38850423,High-density mapping of durable and broad-spectrum stripe rust resistance gene Yr30 in wheat,"The emergence of genetically diverse and more aggressive races of Puccinia striiformis f. sp. tritici (Pst) in the past twenty years has resulted in global stripe rust outbreaks and the rapid breakdown of resistance genes. Yr30 is an adult plant resistance (APR) gene with broad-spectrum effectiveness and its durability. Here, we fine-mapped the YR30 locus to a 0.52-cM interval using 1629 individuals derived from residual heterozygous F5:6 plants in a Yaco""S""_Mingxian169 recombinant inbred line population. This interval corresponded to a 610-kb region in the International Wheat Genome Sequencing Consortium (IWGSC) RefSeq version 2.1 on chromosome arm 3BS harboring 30 high-confidence genes. Five genes were identified as candidate genes based on functional annotation, expression analysis by RNA-seq and sequence polymorphisms between cultivars with and without Yr30 based on resequencing. Haplotype analysis of the target region identified six haplotypes (YR30_h1-YR30_h6) in a panel of 1215 wheat accessions based on the 660K feature genotyping array. Lines with YR30_h6 displayed more resistance to stripe rust than the other five haplotypes. Near-isogenic lines (NILs) with Yr30 showed a 32.94% higher grain yield than susceptible counterparts when grown in a stripe rust nursery, whereas there was no difference in grain yield under rust-free conditions. These results lay a foundation for map-based cloning Yr30.","Wang X, Xiang M, Li H, Li X, Mu K, Huang S, Zhang Y, Cheng X, Yang S, Yuan X, Singh RP, Bhavani S, Zeng Q, Wu J, Kang Z, Liu S, Han D",Theoretical and Applied Genetics,2024
10.1007_s00122-024-04661-6,38836887,Molecular characterization of QTL for grain zinc and iron concentrations in wheat landrace Chinese Spring,"Wheat is a major source of dietary energy for the growing world population. Developing cultivars with enriched zinc and iron can potentially alleviate human micronutrient deficiency. In this study, a recombinant inbred line (RIL) population with 245 lines derived from cross Zhou 8425B_Chinese Spring was used to detect quantitative trait loci (QTL) for grain zinc concentration (GZnC) and grain iron concentration (GFeC) across four environments. Three stable QTL for GZnC with all favorable alleles from Chinese Spring were identified on chromosomes 3BL, 5AL, and 5BL. These QTL explaining maxima of 8.7%, 5.8%, and 7.1% of phenotypic variances were validated in 125 resequenced wheat accessions encompassing both landraces and modern cultivars using six kompetitive allele specific PCR (KASP) assays. The frequencies of favorable alleles for QGZnCzc.caas-3BL, QGZnCzc.caas-5AL and QGZnCzc.caas-5BL were higher in landraces (90.4%, 68.0%, and 100.0%, respectively) compared to modern cultivars (45.9%, 35.4%, and 40.9%), suggesting they were not selected in breeding programs. Candidate gene association studies on GZnC in the cultivar panel further delimited the QTL into 8.5 Mb, 4.1 Mb, and 47.8 Mb regions containing 46, 4, and 199 candidate genes, respectively. The 5BL QTL located in a region where recombination was suppressed. Two stable and three less stable QTL for GFeC with favorable alleles also from Chinese Spring were identified on chromosomes 4BS (Rht-B1a), 4DS (Rht-D1a), 1DS, 3AS, and 6DS. This study sheds light on the genetic basis of GZnC and GFeC in Chinese Spring and provides useful molecular markers for wheat biofortification.","Sun M, Tong J, Dong Y, Pu Z, Zheng J, Zhang Y, Zhang X, Hao C, Xu X, Cao Q, Rasheed A, Ali MB, Cao S, Xia X, He Z, Ni Z, Hao Y",Theoretical and Applied Genetics,2024
10.1007_s00122-024-04662-5,38907845,Genome-wide association study and linkage mapping reveal TaqW-6B associated with water-extractable arabinoxylan content in wheat grain,"Water-extractable arabinoxylan (WE-AX), an important component of hemicellulose, is associated with various abundant health benefits. In this study, QTLs for WE-AX content were detected in two populations: (1) a recombinant inbred line (RIL) population with 164 lines derived from a cross between Avocet and Chilero (AC population) genotyped with diversity array technology (DArT), and (2) a natural population of 243 varieties (CH population) genotyped with the Axiom wheat 660 K single-nucleotide polymorphism (SNP) array. A stable QTL Qwe-ax.haust-6B, explaining 8.51-15.59% of the phenotypic variance, was mapped in the physical interval 459.38-572.09 Mb on the long arm of chromosome 6B in the AC population, tightly linked with DArT markers 3,944,740 and 4,991,038 under three experimental conditions. The Qwe-ax.haust-6B was further narrowed down to be delimited in the physical interval 516.47-571.58 Mb on chromosome 6BL, explaining 5.86-16.27% of the phenotypic variance in the CH population. Furthermore, we developed high-throughput kompetitive allele-specific PCR (KASP) markers to reconstruct the genetic linkage map in the AC population, and Qwe-ax. haust-6B was fine mapped into a narrow region named TaqW-6B, which was compressed between KASP-6B-3 and KASP6B-6 at a physical distance of 3.8 Mb. In the meanwhile, the markers were also validated in a natural population of 160 wheat lines (NP population). Consequently, this study is of great importance to provide the theoretical basis for cloning the key gene and developing functional markers for molecular breeding.","Li Q, Zeng Z, Zhao Y, Li J, Chen F, Wang C",Theoretical and Applied Genetics,2024
10.1007_s00122-024-04663-4,38874613,Diversity in bread and durum wheat stigma morphology and linkage,"Although much understudied in wheat, the stigma is a crucial component for attaining grain set, the fundamental basis for yield, particularly in hybrid production systems where successful grain set relies on wind-driven pollen dispersal by the male parent and effective pollen capture by the female parent. Females with long stigma that exsert early are thought to be advantageous. Using glasshouse-grown lines, we examined variation in Total Stigma Length (TSL) across diverse panels comprising 27 durum and 116 bread wheat genotypes. Contrasting genotypes were selected for population development and genetic analysis. Quantitative trait loci (QTL) analysis was performed on a durum F2 population and a bread wheat recombinant inbred line (RIL) population. Contrasting with studies of anther length, we found no large effect on TSL of the GA-insensitive semi-dwarfing genes Rht-B1 and Rht-D1 in either durum or bread wheat. However, in durum cultivar Italo, we identified a region on chromosome 6A which is robustly associated with larger TSL and contains the Rht14 allele for reduced plant height, a trait that is favourable for female line development in hybrid systems. This dual effect locus explained 25.2 and 19.2% of TSL phenotypic variation in experiments across two growing seasons, with preliminary results suggesting this locus may increase TSL when transferred to bread wheat. In a bread wheat, RIL population minor QTL on 1A and 2A was indicated, but the strongest association was with Ppd-B1. Methods developed here, and the identification of a TSL-enhancing locus provides advances and further opportunities in the study of wheat stigma.","Pallotta OISLTDGRM, Okada T, Roy S, Pearson A, Baumann U, Whitford R",Theoretical and Applied Genetics,2024
10.1007_s00122-024-04670-5,38904787,Introgression of chromosome 5P from Agropyron cristatum enhances grain weight in a wheat background,"Thousand-grain weight is an important trait in wheat breeding, with a narrow genetic basis being the main factor limiting improvement. Agropyron cristatum, a wild relative of wheat, harbors many desirable genes for wheat improvement. Here, we found that the introduction of the 5P chromosome from A. cristatum into wheat significantly increased the thousand-grain weight by 2.55-7.10 g, and grain length was the main contributor to grain weight. An increase in grain weight was demonstrated in two commercial wheat varieties, indicating that the grain weight locus was not affected by the wheat background. To identify the chromosome segment harboring the grain weight locus, three A. cristatum 5P deletion lines, two wheat-A. cristatum 5P translocation lines and genetic populations of these lines were used to evaluate agronomic traits. We found that the translocation lines harboring the long arm of A. cristatum chromosome 5P (5PL) exhibited high grain weight and grain length, and the genetic locus associated with increased grain weight was mapped to 5PL (bin 7-12). An increase in grain weight did not adversely affect other agronomic traits in translocation line 5PT2, which is a valuable germplasm resource. Overall, we identified a grain weight locus from chromosome 5PL and provided valuable germplasm for improving wheat grain weight.","Han H, Yang J, Qi K, Zhu H, Wu P, Zhou S, Zhang J, Guo B, Liu W, Guo X, Lu Y, Yang X, Li X, Li L",Theoretical and Applied Genetics,2024
10.1007_s00122-024-04680-3,38972024,GWAS elucidated grain yield genetics in Indian spring wheat under diverse water conditions,"A comprehensive genome-wide association study was conducted on 300 spring wheat genotypes to elucidate the natural variations associated with grain yield and its eleven contributing traits under fully irrigated, restricted water, and simulated no water conditions. Utilizing the 35K Wheat Breeders' Array, we identified 1155 quantitative trait nucleotides (QTNs), with 207 QTNs exhibiting stability across diverse conditions. These QTNs were further delimited into 539 genomic regions using a genome-wide LD value of 3.0 Mbp, revealing pleiotropic control across traits and conditions. Sub-genome A was significantly associated with traits under irrigated conditions, while sub-genome B showed more QTNs under water stressed conditions. Favourable alleles with significantly associated QTNs were delineated, with a notable pyramiding effect for enhancing trait performance. Additionally, allele of only 921 QTNs significantly affected the population mean. Allele profiling highlighted C-306 as a most potential source of drought tolerance. Moreover, 762 genes overlapping significant QTNs were identified, narrowing down to 27 putative candidate genes overlapping 29 novel and functional SNPs expressing ( 0.5 tpm) relevance across various growth conditions. A new KASP assay was developed, targeting a gene TraesCS2A03G1123700 regulating thousand kernel weight under severe drought condition. Genomic selection models (GBLUP, BayesB, MxE, and R-Norm) demonstrated an average prediction accuracy of 0.06-0.58 across environments, indicating potential for trait selection. Retrospective analysis of the Indian wheat breeding program supported a genetic gain in GY at the rate of ca. 0.56% per breeding cycle, since 1960, supporting the identification of genomic signatures driving trait selection and genetic gain. These findings offer insight into improving the rate of genetic gain in wheat breeding programs globally.","Gaur A, Jindal Y, Singh V, Tiwari R, Juliana P, Kaushik D, Kumar KJY, Ahlawat OP, Singh G, Sheoran S",Theoretical and Applied Genetics,2024
10.1007_s00122-024-04686-x,39046492,Cytogenetic identification and molecular mapping for the wheat-Thinopyrum ponticum introgression line with resistance to Fusarium head blight,"Novel Fusarium head blight (FHB) resistance germplasms and genes are valuable for wheat improvement and breeding efforts. Thinopyrum ponticum, a wild relative of common wheat, is a valuable germplasm of disease resistance for wheat improvement and breeding. Xinong 511 (XN511) is a high-quality wheat variety widely cultivated in the Yellow and Huai Rivers Valley of China with stable FHB-resistance. Through analysis of pedigree materials of the wheat cultivar XN511, we found that the genetic material and FHB resistance from Th. ponticum were transmitted to the introgression line, indicating that the FHB resistance in XN511 likely originates from Th. ponticum. To further explore the genetic basis of FHB resistance in XN511, QTL mapping was conducted using the RILs population of XN511 and the susceptible line Aikang 58 (AK58). Survey with makers closely-linked to Fhb1, Fhb2, Fhb4, Fhb5, and Fhb7, indicated that both XN511 and the susceptible lines do not contain these QTL. Using bulked segregant analysis RNA-seq (BSR-Seq) and newly developed allele-specific PCR (AS-PCR) markers, QTLs in XN511 were successfully located on wheat chromosomes 5B and 7A. These findings are significant for further understanding and utilizing FHB resistance genes in wheat improvement.","Yang X, Cheng X, Wang G, Song S, Ding X, Xiong H, Wang C, Zhao J, Li T, Deng P, Liu X, Chen C, Ji W",Theoretical and Applied Genetics,2024
10.1007_s00122-024-04689-8,38980436,Genome-wide atlas of rust resistance loci in wheat,"Rust diseases, including leaf rust, stripe_yellow rust, and stem rust, significantly impact wheat (Triticum aestivum L.) yields, causing substantial economic losses every year. Breeding and deployment of cultivars with genetic resistance is the most effective and sustainable approach to control these diseases. The genetic toolkit for wheat breeders to select for rust resistance has rapidly expanded with a multitude of genetic loci identified using the latest advances in genomics, mapping and cloning strategies. The goal of this review was to establish a wheat genome atlas that provides a comprehensive summary of reported loci associated with rust resistance. Our atlas provides a summary of mapped quantitative trait loci (QTL) and characterised genes for the three rusts from 170 publications over the past two decades. A total of 920 QTL or resistance genes were positioned across the 21 chromosomes of wheat based on the latest wheat reference genome (IWGSC RefSeq v2.1). Interestingly, 26 genomic regions contained multiple rust loci suggesting they could have pleiotropic effects on two or more rust diseases. We discuss a range of strategies to exploit this wealth of genetic information to efficiently utilise sources of resistance, including genomic information to stack desirable and multiple QTL to develop wheat cultivars with enhanced resistance to rust disease.","Tong J, Zhao C, Liu D, Jambuthenne DT, Sun M, Dinglasan E, Periyannan SK, Hickey LT, Hayes BJ",Theoretical and Applied Genetics,2024
10.1007_s00122-024-04691-0,39009774,Phenotypic characterization and gene mapping of hybrid necrosis in Triticum durum-Haynaldia villosa amphiploids,"Introducing genetic variation from wild relatives into common wheat through wide crosses is a vital strategy for enriching genetic diversity and promoting wheat breeding. However, hybrid necrosis, a genetic autoimmunity syndrome, often occurs in the offspring of interspecific or intraspecific crosses, restricting both the selection of hybrid parents and the pyramiding of beneficial genes. To utilize the germplasms of Haynaldia villosa (2n = 2x = 14, VV), we conducted wide hybridization between durum wheat (2n = 4x = 28, AABB) and multiple H. villosa accessions to synthesize the amphiploids (2n = 6x = 42, AABBVV). This study revealed that 61.5% of amphiploids derived from the above crosses exhibited hybrid necrosis, with some amphiploids even dying before reaching maturity. However, the initiation time and severity of necrosis varied dramatically among the progenies, suggesting that there were multiple genetic loci or multiple alleles in the same genetic locus conferring to hybrid necrosis in H. villosa accessions. Genetic analysis was performed on the F 2 and derived F2:3 populations, which were constructed between amphiploid STH59-1 with normal leaves and amphiploid STH59-2 with necrotic leaves. A semidominant hybrid necrosis-related gene, Ne-V, was mapped to an 11.8-cM genetic interval on the long arm of chromosome 2V, representing a novel genetic locus identified in Triticum-related species. In addition, the hybrid necrosis was correlated with enhanced H 2O2 accumulation and cell death, and it was influenced by the temperature and light. Our findings provide a foundation for cloning the Ne-V gene and exploring its molecular mechanism.","Liu Y, Liu J, Huang Z, Fan K, Guo X, Xing L, Cao A",Theoretical and Applied Genetics,2024
10.1007_s00122-024-04700-2,39073628,Association mapping of tan spot and septoria nodorum blotch resistance in cultivated emmer wheat,"Tan spot and septoria nodorum blotch (SNB) are foliar diseases caused by the respective fungal pathogens Pyrenophora tritici-repentis and Parastagonospora nodorum that affect global wheat production. To find new sources of resistance, we evaluated a panel of 180 cultivated emmer wheat (Triticum turgidum ssp. dicoccum) accessions for reactions to four P. tritici-repentis isolates Pti2, 86-124, 331-9 and DW5, two P. nodorum isolate, Sn4 and Sn2000, and four necrotrophic effectors (NEs) produced by the pathogens. About 8-36% of the accessions exhibited resistance to the four P. tritici-repentis isolates, with five accessions demonstrating resistance to all isolates. For SNB, 64% accessions showed resistance to Sn4, 43% to Sn2000 and 36% to both isolates, with Spain (11% accessions) as the most common origin of resistance. To understand the genetic basis of resistance, association mapping was performed using SNP (single nucleotide polymorphism) markers generated by genotype-by-sequencing and the 9 K SNP Infinium array. A total of 46 SNPs were significantly associated with tan spot and 19 SNPs with SNB resistance or susceptibility. Six trait loci on chromosome arms 1BL, 3BL, 4AL (2), 6BL and 7AL conferred resistance to two or more isolates. Known NE sensitivity genes for disease development were undetected except Snn5 for Sn2000, suggesting novel genetic factors are controlling host-pathogen interaction in cultivated emmer. The emmer accessions with the highest levels of resistance to the six pathogen isolates (e.g., CItr 14133-1, PI 94634-1 and PI 377672) could serve as donors for tan spot and SNB resistance in wheat breeding programs. Keywords Cultivated emmer wheat Triticum turgidum ssp. dicocum Pyrenophora tritici-repentis Parastagonospora nodorum Tan spot Septoria nodorum blotch","Lhamo D, Sun Q, Friesen TL, Karmacharya A, Li X, Fiedler JD, Faris JD, Xia G, Luo M, Gu Y, Liu Z, Xu SS",Theoretical and Applied Genetics,2024
10.1007_s00122-024-04701-1,39141073,Characterization of flag leaf morphology identifies a major genomic region controlling flag leaf angle in the US winter wheat (Triticum aestivum L.),"Flag leaf in wheat is the primary contributor to accumulating photosynthetic assimilates. Flag leaf morphology (FLM) traits determine the overall canopy structure and capacity to intercept the light, thus influencing photosynthetic efficiency. Hence, understanding the genetic control of these traits could be useful for breeding desirable ideotypes in wheat. We used a panel of 272 accessions from the hard winter wheat (HWW) region of the USA to investigate the genetic architecture of five FLM traits including flag leaf length (FLL), width (FLW), angle (FLANG), length-width ratio, and area using multilocation field experiments. Multi-environment GWAS using 14,537 single-nucleotide polymorphisms identified 36 marker-trait associations for different traits, with nine being stable across environments. A novel and major stable region for FLANG (qFLANG.1A) was identified on chromosome 1A accounting for 9-13% variation. Analysis of spatial distribution for qFLANG.1A in a set of 2354 breeding lines from the HWW region showed a higher frequency of allele associated with narrow leaf angle. A KASP assay was developed for allelic discrimination of qFLANG.1A and was used for its independent validation in a diverse set of spring wheat accessions. Furthermore, candidate gene analysis for two regions associated with FLANG identified seven putative genes of interest for each of the two regions. The present study enhances our understanding of the genetic control of FLM in wheat, particularly FLANG, and these results will be useful for dissecting the genes underlying canopy architecture in wheat facilitating the development of climate-resilient wheat varieties.","Kumar P, Gill HS, Singh M, Kaur K, Koupal D, Talukder S, Bernardo A, Amand PS, Bai G, Sehgal SK",Theoretical and Applied Genetics,2024
10.1007_s00122-024-04702-0,39158718,Fine mapping of stem rust resistance derived from soft red winter wheat cultivar AGS2000 to an NLR gene cluster on chromosome 6D,"The Puccinia graminis f. sp. tritici (Pgt) Ug99-emerging virulent races present a major challenge to global wheat production. To meet present and future needs, new sources of resistance must be found. Identification of markers that allow tracking of resistance genes is needed for deployment strategies to combat highly virulent pathogen races. Field evaluation of a DH population located a QTL for stem rust (Sr) resistance, QSr.nc-6D from the breeding line MD01W28-08-11 to the distal region of chromosome arm 6DS where Sr resistance genes Sr42, SrCad, and SrTmp have been identified. A locus for seedling resistance to Pgt race TTKSK was identified in a DH population and an RIL population derived from the cross AGS2000 x LA95135. The resistant cultivar AGS2000 is in the pedigree of MD01W28-08-11 and our results suggest that it is the source of Sr resistance in this breeding line. We exploited published markers and exome capture data to enrich marker density in a 10 Mb region flanking QSr.nc-6D. Our fine mapping in heterozygous inbred families identified three markers co-segregating with resistance and delimited QSr.nc-6D to a 1.3 Mb region. We further exploited information from other genome assemblies and identified collinear regions of 6DS harboring clusters of NLR genes. Evaluation of KASP assays corresponding to our co-segregating SNP suggests that they can be used to track this Sr resistance in breeding programs. However, our results also underscore the challenges posed in identifying genes underlying resistance in such complex regions in the absence of genome sequence from the resistant genotypes.","Rivera-Burgos L, VanGessel C, Guedira M, Smith J, Marshall D, Jin Y, Rouse M, Brown-Guedira G",Theoretical and Applied Genetics,2024
10.1007_s00122-024-04704-y,39110238,Identification of stripe rust resistance gene YrBDT in Chinese landrace wheat Baidatou using BSE-seq and BSR-seq,"Stripe rust caused by Puccinia striiformis f. sp. tritici (Pst) is a devastating foliar disease of wheat. Chinese landrace wheat Baidatou has shown high resistance to a broad spectrum of Pst races at both the seedling and adult-plant stages for decades in the Longnan region of Gansu province, a hot spot for stripe rust epidemics. Here, we report fine mapping and candidate gene analysis of stripe rust resistance gene YrBDT in Baidatou. Analysis of F 1, F2 plants and F2:3 lines indicated that resistance in Baidatou to Pst race CYR31 was conferred by a single dominant gene, temporarily designated YrBDT. Bulked segregant exome capture sequencing (BSE-seq) analysis revealed 61 high-confidence polymorphic SNPs concentrated in a 5.4-Mb interval at the distal of chromosome arm 6DS. Several SNPs and InDels were also identified by genome mining of DNA sampled from the parents and contrasting bulks. The YrBDT locus was mapped to a 943.6-kb (4,658,322-5,601,880 bp) genomic region spanned by markers STS2 and STS3 based on IWGSC RefSeq v2.1, including five putative disease resistance genes. There was high collinearity of the target interval among Chinese Spring RefSeq v2.1, Ae. tauschii AL8_78 and Fielder genomes. The expression level of TraesCS6D03G0027300 showed significant association with Pst infection, and a gene-specific marker CAPS3 developed from TraesCS6D03G0027300 co-segregated with YrBDT suggesting this gene as a candidate of YrBDT. The resistance gene and flanking markers can be used in marker-assisted selection for improvement of stripe rust resistance.","Wu J, Cheng Y, Hao W, Bai B, Fu L, Ren Y, Hao Y, Wang F, Lin R, Si H, Ma C, He Z, Chen J, Chen C, Xia X",Theoretical and Applied Genetics,2024
10.1007_s00122-024-04706-w,39134836,"Fine-mapping of LrN3B on wheat chromosome arm 3BS, one of the two complementary genes for adult-plant leaf rust resistance","The common wheat line 4N0461 showed adult-plant resistance to leaf rust. 4N0461 was crossed with susceptible cultivars Nongda4503 and Shi4185 to map the causal resistance gene(s). Segregation of leaf rust response in F2 populations from both crosses was 9 resistant:7 susceptible, indicative of two complementary dominant resistance genes. The genes were located on chromosome arms 3BS and 4BL and temporarily named LrN3B and LrN4B, respectively. Subpopulations from 4N0461 x Nongda4503 with LrN3B segregating as a single allele were used to fine-map LrN3B locus. LrN3B was delineated in a genetic interval of 0.07 cM, corresponding to 106 kb based on the Chinese Spring reference genome (IWGSC RefSeq v1.1). Four genes were annotated in this region, among which TraesCS3B02G014800 and TraesCS3B02G014900 differed between resistant and susceptible genotypes, and both were required for LrN3B resistance in virus-induced gene silencing experiments. Diagnostic markers developed for checking the polymorphism of each candidate gene, can be used for markerassisted selection in wheat breeding programs.","Wang W, Li H, Qiu L, Wang H, Pan W, Yang Z, Wei W, Liu N, Sun J, Hu Z, Ma J, Ni Z, Li Y, Sun Q, Xie C",Theoretical and Applied Genetics,2024
10.1007_s00122-024-04709-7,39222129,Dissecting the genetic basis of resistance to Soil-borne cereal mosaic virus (SBCMV) in durum wheat by bi-parental mapping and GWAS,"Soil-borne cereal mosaic virus (SBCMV), the causative agent of wheat mosaic, is a Furovirus challenging wheat production all over Europe. Differently from bread wheat, durum wheat shows greater susceptibility and stronger yield penalties, so identification and genetic characterization of resistance sources are major targets for durum genetics and breeding. The Sbm1 locus providing high level of resistance to SBCMV was mapped in bread wheat to the 5DL chromosome arm (Bass in Genome 49:1140-1148, 2006). This excluded the direct use of Sbm1 for durum wheat improvement. Only one major QTL has been mapped in durum wheat, namely QSbm.ubo-2B, on the 2BS chromosome region coincident with Sbm2, already known in bread wheat as reported (Bayles in HGCA Project Report, 2007). Therefore, QSbm.ubo-2B = Sbm2 is considered a pillar for growing durum in SBCMV-affected areas. Herein, we report the fine mapping of Sbm2 based on bi-parental mapping and GWAS, using the Infinium 90 K SNP array and high-throughput KASP. Fine mapping pointed out a critical haploblock of 3.2 Mb defined by concatenated SNPs successfully converted to high-throughput KASP markers coded as KUBO. The combination of KUBO-27, wPt-2106-ASO_HRM, KUBO-29, and KUBO-1 allows unequivocal tracing of the Sbm2-resistant haplotype. The interval harbors 52 high- and 41 low-confidence genes, encoding 17 cytochrome p450, three receptor kinases, two defensins, and three NBS-LRR genes. These results pave the way for Sbm2 positional cloning. Importantly, the development of Sbm2 haplotype tagging KASP provides a valuable case study for improving efficacy of the European variety testing system and, ultimately, the decision-making process related to varietal characterization and choice.","Bruschi M, Bozzoli M, Ratti C, Sciara G, Goudemand E, Devaux P, Ormanbekova D, Forestan C, Corneti S, Stefanelli S, Castelletti S, Fusari E, Novi JB, Frascaroli E, Salvi S, Perovic D, Gadaleta A, Rubies-Autonell C, Sanguineti MC, Tuberosa R, Maccaferri M",Theoretical and Applied Genetics,2024
10.1007_s00122-024-04710-0,39198268,Identification and development of functional markers for purple grain genes in durum wheat (Triticum durum Desf.),"Purple wheats are a class of cereals with pigmented kernels of particular interest for their antioxidant and antiinflammatory properties. Although two complementary loci (Pp-B1 and Pp-A3), responsible for purple pericarp have been pinpointed in bread wheat (Triticum aestivum L.), in durum wheat (Triticum durum Desf.) the causative genes along with functional and non-functional alleles are still unknown. Here, using a quantitative trait loci (QTL) mapping approach on a RIL population derived from purple and non-purple durum wheat genotypes, we identified three major regions on chromosomes 2A, 3A, and 7B explaining the highest phenotypic variation (> 50%). Taking advantage of the Svevo genome, a MYB was reannotated on chromosome 7B and reported as a candidate for Pp-B1. An insertion of ~ 1.6 kb within the first exon led to a non-functional allele (TdPpm1b), whereas the functional allele (TdPpm1a) was characterized and released for the first time in durum wheat. Pp-A3 was instead identified as a duplicated gene, of which only one was functional. The promoter sequencing of the functional allele (TdPpb1a) revealed six 261-bp tandem repeats in purple durum wheat, whereas one unit (TdPpb1b) was found in the yellow once. Functional molecular markers at both loci were developed to precisely discriminate purple and not purple genotypes, representing a valuable resource for selecting superior purple durum lines at early growth stages. Overall, our results expand the understanding of the function of MYB and bHLH activators in durum wheat, paving new ways to explore cis-regulatory elements at the promoter level.","Esposito S, Palombieri S, Vitale P, Angione G, D'Attilia C, Taranto F, Sestili F, Vita PD",Theoretical and Applied Genetics,2024
10.1007_s00122-024-04713-x,39141110,Two dwarfing genes Rht-B1b and Rht-D1b show pleiotropic effects on grain protein content in bread wheat (Triticum aestivum L.),"Grain protein content (GPC) plays an important role in wheat quality. Here, a recombinant inbred line (RIL) population derived from a cross between Yangmai 12 (YM12) and Yanzhan 1 (YZ1) was used to identify quantitative trait loci (QTL) for GPC. Two hundred and five RILs and their parents were grown in three years in randomized complete blocks each with two replications, and genotyped using the wheat 55 K SNP array. Five QTL were identified for GPC on chromosomes 1A, 1B, 2D, 4B, and 4D. Notably, QGpc.yaas-4B (co-located with Rht-B1) and QGpc.yaas-4D (co-located with Rht-D1) were consistently detected across all experiments and best linear unbiased estimating, accounting for 6.61-8.39% and 6.05-10.21% of the phenotypic variances, respectively. The effects of these two dwarfing alleles Rht-B1b and Rht-D1b on reducing GPC and plant height were validated in two additional RIL populations and one natural population. This study lays a foundation for further investigating the effects of dwarfing genes Rht-B1b and Rht-D1b on wheat GPC.","Hu W, Wu D, Li D, Cheng X, Wang Z, Zhao D, Jia J",Theoretical and Applied Genetics,2024
10.1007_s00122-024-04718-6,39292265,Validation of cross-progeny variance genomic prediction using simulations and experimental data in winter elite bread wheat,"Genomic predictions are used to select genitors and crosses in plant breeding. The usefulness criterion (UC) is a cross-selection criterion that necessitates the estimation of parental mean (PM) and progeny standard deviation (SD). This study evaluates the parameters that affect the predictive ability of UC and its two components using simulations. Predictive ability increased with heritability and progeny size and decreased with QTL number, most notably for SD. Comparing scenarios where marker effects were known or estimated using prediction models, SD was strongly impacted by the quality of marker effect estimates. We proposed a new algebraic formula for SD estimation that takes into account the uncertainty of the estimation of marker effects. It improved predictions when the number of QTL was superior to 300, especially when heritability was low. We also compared estimated and observed UC using experimental data for heading date, plant height, grain protein content and yield. PM and UC estimates were significantly correlated for all traits (PM: 0.38, 0.63, 0.51 and 0.91; UC: 0.45, 0.52, 0.54 and 0.74; for yield, grain protein content, plant height and heading date, respectively), while SD was correlated only for heading date and plant height (0.64 and 0.49, respectively). According to simulations, SD estimations in the field would necessitate large progenies. This pioneering study experimentally validates genomic prediction of UC but the predictive ability depends on trait architecture and precision of marker effect estimates. We advise the breeders to adjust progeny size to realize the SD potential of a cross.","Oget-Ebrad C, Heumez E, Duchalais L, Goudemand-Dugue E, Oury F, Elsen J, Bouchet S",Theoretical and Applied Genetics,2024
10.1007_s00122-024-04721-x,39340575,Analysis of a global wheat panel reveals a highly diverse introgression landscape and provides evidence for inter-homoeologue chromosomal recombination,"Agriculturally important genes are often introgressed into crops from closely related donor species or landraces. The gene pool of hexaploid bread wheat (Triticum aestivum) is known to contain numerous such ""alien"" introgressions. Recently established high-quality reference genome sequences allow prediction of the size, frequency and identity of introgressed chromosome regions. Here, we characterise chromosomal introgressions in bread wheat using exome capture data from the WHEALBI collection. We identified 24,981 putative introgression segments of at least 2 Mb across 434 wheat accessions. Detailed study of the most frequent introgressions identified T. timopheevii or its close relatives as a frequent donor species. Importantly, 118 introgressions of at least 10 Mb were exclusive to single wheat accessions, revealing that large populations need to be studied to assess the total diversity of the wheat pangenome. In one case, a 14 Mb introgression in chromosome 7D, exclusive to cultivar Pamukale, was shown by QTL mapping to harbour a recessive powdery mildew resistance gene. We identified multiple events where distal chromosomal segments of one subgenome were duplicated in the genome and replaced the homoeologous segment in another subgenome. We propose that these examples are the results of inter-homoeologue recombination. Our study produced an extensive catalogue of the wheat introgression landscape, providing a resource for wheat breeding. Of note, the finding that the wheat gene pool contains numerous rare, but potentially important introgressions and chromosomal rearrangements has implications for future breeding.","Heuberger M, Bernasconi Z, Said M, Jung E, Herren G, Widrig V, Simkova H, Keller B, Sanchez-Martin J, Wicker T",Theoretical and Applied Genetics,2024
10.1007_s00122-024-04722-w,39342035,Identification and fine mapping of a QTL-rich region for yield- and quality-related traits on chromosome 4BS in common wheat (Triticum aestivum L.),"Yield and quality are important for plant breeding. To better understand the genetic basis underlying yield- and quality- related traits in wheat (Triticum aestivum L.), we conducted the quantitative trait locus (QTL) analysis using recombinant inbred lines (RILs) and a high-density genetic linkage map with a 90 K array. In this study, a total of 117 QTLs were detected for spike number per area (SNPA), thousand grain weight (TGW), grain number per spike (GNS), plant height (PH), spike length (SL), total spikelet number (TSN), spikelet density (SD), grain protein content (GPC), and grain starch content (GSC). Among these QTLs, 30 environmentally stable QTLs for yield- and quality-related traits were detected. Notably, five QTL- rich regions (Qrr) for yield- and_or quality-related traits were identified, including the QTL-rich region on chromosome 4BS (QQrr.cau-4B) for eight traits (SNPA, GNS, PH, SL, TSN, SD, GPC, and GSC). The stable QTL-rich region QQrr.cau-4B was delimited into a physical interval of approximately 2.47 Mb. Based on the annotation information of the Chinese spring wheat genome v1.0 and parental re-sequencing results, the interval included twelve genes with sequence variations. Taken together, these results contribute to further understanding of the genetic basis of SNPA, GNS, PH, SL, TSN, SD, GPC, and GSC, and fine mapping of QQrr.cau-4B will be beneficial for gene cloning and marker-assisted selection in the genetic improvement of wheat varieties.","Li J, Zhao H, Zhang M, Bi C, Yang X, Shi X, Xie C, Li B, Ma G, Ru Z, Hu T, You M",Theoretical and Applied Genetics,2024
10.1007_s00122-024-04723-9,39181956,A MYB family transcription factor TdRCA1 from wild emmer wheat regulates anthocyanin biosynthesis in coleoptile,"As important secondary metabolites in plants, anthocyanins not only contribute to colored plants organs, but also provide protections against various biotic and abiotic stresses. In this study, a MYB transcription factor gene TdRCA1 from wild emmer wheat regulating anthocyanin biosynthesis in wheat coleoptile was identified on the short arm of chromosome 7A in common wheat genetic background. The TdRCA1 overexpression lines showed colored callus, coleoptile, auricle and stem nodes, as well as up regulation of six anthocyanin-related structural genes. The expression of TdRCA1 was activated by light in a temporal manner. While coleoptile color of 48 and 60 h dark-grown seedlings changed from green to red after 24 h light treatment, those grown in dark for 72 and 96 h failed to develop red coleoptiles after light restoration. Interestingly, the over expression of TdRCA1 resulted in increased resistance to Fusarium crown rot, a chronic and severe fungal disease in many cereal growing regions in the world. Our results offer a better understanding of the molecular basis of coleoptile color in bread wheat.","Li J, Zhang C, Xu X, Su Y, Gao Y, Yang J, Xie C, Ma J",Theoretical and Applied Genetics,2024
10.1007_s00122-024-04730-w,39283360,Wheat improvement through advances in single nucleotide polymorphism (SNP) detection and genotyping with a special emphasis on rust resistance,"Single nucleotide polymorphism (SNP)-based markers are increasingly gaining momentum for screening and utiliz- ing vital agronomic traits in wheat. To date, more than 260 million SNPs have been detected in modern cultivars and landraces of wheat. This rapid SNP discovery was made possible through the release of near-complete reference and pan-genome assemblies of wheat and its wild relatives, coupled with whole genome sequencing (WGS) of thousands of wheat accessions. Further, genotyping customized SNP sites were facilitated by a series of arrays (9 to 820Ks), a cost effective substitute WGS. Lately, germplasm-specific SNP arrays have been introduced to characterize novel traits and detect closely linked SNPs for marker-assisted breeding. Subsequently, the kompetitive allele-specific PCR (KASP) assay was introduced for rapid and large-scale screening of specific SNP markers. Moreover, with the advances and reduction in sequencing costs, ample oppor- tunities arise for generating SNPs artificially through mutations and in combination with next-generation sequencing and comparative genomic analyses. In this review, we provide historical developments and prospects of SNP markers in wheat breeding with special reference to rust resistance where over 50 genetic loci have been characterized through SNP markers. Rust resistance is one of the most essential traits for wheat breeding as new strains of the Puccinia fungus, responsible for rust diseases, evolve frequently and globally.","Geethanjali S, Kadirvel P, Periyannan S",Theoretical and Applied Genetics,2024
10.1007_s00122-024-04731-9,39235622,"Mapping rust resistance in European winter wheat: many QTLs for yellow rust resistance, but only a few well characterized genes for stem rust resistance","Yellow rust (YR) caused by Puccinia striiformis f. sp. tritici (Pst) and stem rust (SR) caused by Puccinia graminis f. sp. tritici (Pgt) are among the most damaging wheat diseases. Although, yellow rust has occurred regularly in Europe since the advent of the Warrior race in 2011, damaging stem rust epidemics are still unusual. We analyzed the resistance of seven segregating populations at the adult growth stage with the parents being selected for YR and SR resistances across three to six environments (location-year combinations) following inoculation with defined Pst and Pgt races. In total, 600 progenies were phenotyped and 563 were genotyped with a 25k SNP array. For SR resistance, three major resistance genes (Sr24, Sr31, Sr38_Yr17) were detected in different combinations. Additional QTLs provided much smaller effects except for a gene on chromosome 4B that explained much of the genetic variance. For YR resistance, ten loci with highly vary- ing percentages of explained genetic variance (pG, 6-99%) were mapped. Our results imply that introgression of new SR resistances will be necessary for breeding future rust resistant cultivars, whereas YR resistance can be achieved by genomic selection of many of the detected QTLs.","Miedaner T, Eckhoff W, Flath K, Schmitt A, Schulz P, Schacht J, Boeven P, Akel W, Kempf H, Gruner P",Theoretical and Applied Genetics,2024
10.1007_s00122-024-04738-2,39340687,Tracing post-domestication historical events and screening pre-breeding germplasm from large gene pools in wheat in the absence of phenotype data,"Wheat, particularly common wheat (Triticum aestivum L.), is a major crop accounting for 25% of the world cereal production and thriving in diverse ecogeographic regions. Its adaptation to diverse environments arises from its three distinct genomes adapted to different environments and post-domestication anthropogenic interventions. In search of key genomic regions revealing historic events and breeding significance to common wheat, we performed genome scan and genome-environment association (GEA) analyses using high-marker density genotype datasets. Whole-genome scans revealed highly differentiated regions on chromosomes 2A, 3B, and 4A. In-depth analyses corroborated our previous prediction of the 4A differentiated region signifying the separation between Spelt_Macha and other wheat types. Individual chromosome scans captured key introgressions, including one from T. timopheevii and one from Thinopyrum ponticum on 2B and 3D, respectively, as well as known genes such as Vrn-A1 on 5A. GEA highlighted loci linked to latitude-induced environmental variations, influenc- ing traits such as photoperiodism and responses to abiotic stress. Variation at the Vrn-A1 locus on 5A assigned accessions to two haplotypes (6% and 94%). Further analysis on Vrn-A1 coding gene revealed four subgroups of the major haplotype, while the minor haplotype remained undifferentiated. Analyses at differentiated loci mostly dichotomized the population, illustrating the possibility of isolating pre-breeding materials with desirable traits from large gene pools in the absence of phenotype data. Given the current availability of broad genetic data, the genome-scan-GEA hybrid can be an efficient and cost-effective approach for pinpointing environmentally resilient pre-breeding germplasm from vast gene pools, including gene banks regardless of trait characterization.","Sertse D, Fetene A, Leon J, You FM, Cloutier S, McCartney CA",Theoretical and Applied Genetics,2024
10.1007_s00122-024-04740-8,39278978,EMS-induced missense mutation in TaCHLI-7D affects leaf color and yield-related traits in wheat,"Chlorophyll is essential for plant growth and productivity. The CHLI subunit of the magnesium chelatase protein plays a key role inserting magnesium into protoporphyrin IX during chlorophyll biosynthesis. Here, we identify a novel wheat mutant chlorophyll (chl) that exhibits yellow-green leaves, reduced chlorophyll levels, and increased carotenoid content, leading to an overall decline in yield-related traits. Map-based cloning reveals that the chl phenotype is caused by a point mutation (Asp186Asn) in the TaCHLI-7D gene, which encodes subunit I of magnesium chelatase. Furthermore, the three TaCHLI mutants: chl-7b-1 (Pro82Ser), chl-7b-2 (Ala291Thr), and chl-7d-1 (Gly357Glu), also showed significant reduc- tions in chlorophyll content and yield-related traits. However, TaCHLI-7D overexpression in rice significantly decreased thousand kernel weight, yield per plant, and germination. Additionally, natural variations in TaCHLI-7A_B are significantly associated with flag leaf, spike exsertion length, and yield per plant. Notably, the favorable haplotype, TaCHLI-7B-HapII, which displayed higher thousand kernel weight and yield per plant, is positively selected in wheat breeding. Our study pro- vides insights on the regulatory molecular mechanisms underpinning leaf color and chlorophyll biosynthesis, and highlights TaCHLI functions, which provide useful molecular markers and genetic resources for wheat breeding.","Wang Z, Xu H, Wang F, Sun L, Meng X, Li Z, Xie C, Jiang H, Ding G, Hu X, Gao Y, Qin R, Zhao C, Sun H, Cui F, Wu Y",Theoretical and Applied Genetics,2024
10.1007_s00122-024-04745-3,39320516,Identification and characterization of QSFS.sau-MC-5A for sterile florets genetically independent of fertile ones per spike in wheat,"Both the number of fertile florets per spike (FFS) and the number of sterile florets per spike (SFS) significantly influence the final yield of wheat (Triticum aestivum L.), and a trade-off theoretically exists between them. To enhance crop yield, wheat breeders have historically concentrated on easily measurable traits such as FFS, spikelets per spike, and spike length. Other traits of agronomic importance, including SFS and sterile florets per spikelet (SFPs), have been largely over- looked. In the study, reported here, genetic bases of SFS and SFPs were investigated based on the assessment of a population of recombinant inbred lines (RILs) population. The RIL population was developed by crossing a spontaneous mutant with higher SFS (msf) with the cultivar Chuannong 16. A total of 10 quantitative trait loci (QTL) were identified, with QSFS. sau-MC-5A for SFS and QSFPs.sau-MC-5A for SFPs being the major and stable ones, and they were co-located on the long arm of chromosome 5A. The locus was located within a 2.22-Mb interval, and it was further validated in two additional populations based on a tightly linked Kompetitive Allele-Specific PCR (KASP) marker, K_sau_5A_691403852. Expres- sion differences and promoter sequence variations were observed between the parents for both TraesCS5A03G1247300 and TraesCS5A03G1250300. The locus of QSFS.sau-MC-5A_QSFPs.sau-MC-5A showed a significantly positive correlation with spike length, florets in the middle spikelet, and total florets per spike, but it showed no correlation with either kernel number per spike (KNS) or kernel weight per spike. Appropriate nitrogen fertilizer application led to reduced SFS and increased KNS, supporting results from previous reports on the positive effect of nitrogen fertilizer on wheat spike and floret develop- ment. Based on these results, we propose a promising approach for breeding wheat cultivars with multiple fertile florets per spike, which could increase the number of kernels per spike and potentially improve yield. Collectively, these findings will facilitate further fine mapping of QSFS.sau-MC-5A_QSFPs.sau-MC-5A and be instrumental in strategies to increase KNS, thereby enhancing wheat yield.","Zhou J, He Y, Li W, Chen B, Su L, Lan Y, Yan L, Wang Y, Lohani MN, Liu Y, Tang H, Xu Q, Jiang Q, Chen G, Qi P, Jiang Y, Liu C, Ren Y, Zheng Y, Wei Y, Ma J",Theoretical and Applied Genetics,2024
10.1007_s00122-024-04746-2,39382663,An island of receptor-like genes at the Rrs13 locus on barley chromosome 6HS co-locate with three novel sources of scald resistance,"Three Hordeum spontaneum-derived resistances (referred to as 145L2, 41T1 and 40Y5) have demonstrated long-term effectiveness against barley scald, caused by Rhynchosporium commune, in western Canada. Genetic mapping of these resistances in three populations, and the use of five barley genome assemblies, revealed they co-located to a narrowly defined 0.58-1.2 Mbp region of chromosome 6HS containing the Rrs13 scald resistance gene. Differential disease reactions among the three resistances and a Rrs13 carrier (AB6) to a panel of 24 scald isolates indicated that the four resistances were unique from one another. A marker created to target the 6HS scald locus was screened across a panel of barley germplasm that included H. vulgare, H. spontaneum and H. bulbosum lines. The marker showed specificity to H. vulgare lines known to carry the 6HS scald resistances and to two H. spontaneum lines that trace their origins to Jordan. Within the 0.58-1.2 Mbp region were 2-7 tandemly repeated leucine-rich repeat receptor-like proteins (LRR-RLP) and one lectin receptor-like kinase (Lec-RLK) genes with abundant sequence variation between them. The well-defined role that RLP and RLK genes play in plant defense responses make them logical candidate resistance genes, with one possible hypothesis being that each unique scald resistance may be encoded by a different RLP that interacts with a common RLK. It is suggested the three scald resist- ances be temporarily named Rrs13145L2, Rrs1341T1 and Rrs1340Y5 to recognize their co-location to the Rrs13 locus until it is determined whether these resistances represent unique genes or alleles of the same gene. Keywords Barley · Scald resistance · Rrs13 locus · Receptor-like kinase · Receptor-like protein · Hordeum spontaneum","Eckstein PE, Griffith LJ, Zhang XM, Turkington TK, Colin MG, Holden S, Walkowiak S, Brar GS, Beattie AD",Theoretical and Applied Genetics,2024
10.1007_s00122-024-04748-0,39333356,"Physical map of QTL for eleven agronomic traits across fifteen environments, identification of related candidate genes, and development of KASP markers with emphasis on terminal heat stress tolerance in common wheat","To understand the genetic architecture of eleven agronomic traits under heat stress, we used a doubled-haploid popu- lation (177 lines) derived from a heat-sensitive cultivar (PBW343) and a heat-tolerant genotype (KSG1203). This population was evaluated under timely, late and very late sown conditions over locations and years comprising fifteen environments. Best linear unbiased estimates and a genetic map (5,710 SNPs) developed using sequencing-based genotyping were used for QTL mapping. The identified 66 QTL (20 novel) were integrated into wheat physical map (14,263.4 Mb). These QTL explained 5.3% (QDth.ccsu-4A for days to heading and QDtm.ccsu-5B for days to maturity) to 24.9% (QGfd.ccsu-7D for grain filling duration) phenotypic variation. Thirteen stable QTL explaining high phenotypic variation were recommended for marker-assisted recurrent selection (MARS) for optimum_heat stress environments. Selected QTL were validated by their presence in high-yielding doubled-haploid lines. Some QTL for 1000-grain weight (TaERF3-3B, TaFER-5B, and TaZIM-A1), grain yield (TaCol-B5), and developmental traits (TaVRT-2) were co-localized with known genes. Specific known genes for traits like abiotic_biotic stress, grain quality and yield were co-located with 26 other QTL. Furthermore, 209 differentially expressed candidate genes for heat tolerance in plants that encode 28 different proteins were identified. KASP markers for three major_stable QTL, namely QGfd.ccsu-7A for grain filling duration on chromosome 7A (timely sown), QNgs.ccsu-3A for number of grains per spike on 3A, and QDth.ccsu-7A for days to heading on 7A (late and very late sown) environments were developed for MARS focusing on the development of heat-tolerant wheat varieties_germplasm.","Kumar S, Kumar S, Sharma H, Singh VP, Rawale KS, Kahlon KS, Gupta V, Bhatt SK, Vairamani R, Gill KS, Balyan HS",Theoretical and Applied Genetics,2024
10.1007_s00122-024-04753-3,39341982,Allelic variation of TaABI5-A4 significantly affects seed dormancy in bread wheat,"ABI5 is a critical transcription factor in regulation of crop seed maturation, dormancy, germination, and post- germination. Sixteen copies of homologous sequences of ABI5 were identified in Chinese wheat line Zhou 8425B. Cultivars of two haplotypes TaABI5-A4a and TaABI5-A4b showed significantly different seed dormancies. Based on two SNPs between the sequences of TaABI5-A4a and TaABI5-A4b, two complementary dominant sequence-tagged site (STS) markers were developed and validated in a natural population of 103 Chinese wheat cultivars and advanced lines and 200 recombinant inbred lines (RILs) derived from the Yangxiaomai_Zhongyou 9507 cross; the STS markers can be used efficiently and reliably to evaluate the dormancy of wheat seeds. The transcription level of TaABI5-A4b was significantly increased in TaABI5-A4a- GFP transgenic rice lines compared with that in TaABI5-A4b-GFP. The average seed germination index of TaABI5-A4a- GFP transgenic rice lines was significantly lower than those of TaABI5-A4b-GFP. In addition, seeds of TaABI5-A4a-GFP transgenic lines had higher ABA sensitivity and endogenous ABA content, lower endogenous GA content and plant height, and thicker stem internodes than those of TaABI5-A4b-GFP. Allelic variation of TaABI5-A4-affected wheat seed dormancy and the gene function was confirmed in transgenic rice. The transgenic rice lines of TaABI5-A4a and TaABI5-A4b had sig- nificantly different sensitivities to ABA and contents of endogenous ABA and GA in mature seeds, thereby influencing the seed dormancy, plant height, and stem internode length and diameter.","Han Y, Wang Z, Han B, Zhang Y, Liu J, Yang Y",Theoretical and Applied Genetics,2024
10.1007_s00122-024-04756-0,39365463,Development of wheat-tetraploid Thinopyrum elongatum 4EL small fragment translocation lines with stripe rust resistance gene Yr4EL,"Stripe rust, caused by the fungus Puccinia striiformis f. sp. tritici, is a devastating wheat disease worldwide. Deployment of disease resistance (R) genes in wheat cultivars is the most effective way to control the disease. Previously, the all-stage stripe rust R gene Yr4EL from tetraploid Thinopyrum elongatum was introduced into common wheat as 4E(4D) substitution and T4DS·4EL translocation lines. To further map and utilize Yr4EL, Chinese Spring (CS) mutant pairing homoeologous gene ph1b was used in crossing to induce recombination between chromosome (chr) 4EL and wheat chromo- somes. Two small fragment translocation lines T4DS·4DL-4EL and T5AS·5AL-4EL with Yr4EL resistance were selected using molecular markers and confirmed by genomic in situ hybridization (GISH), fluorescence in situ hybridization (FISH), and Wheat 660 K SNP array analyses. We mapped Yr4EL to an about 35 Mb region at the end of chr 4EL, corresponding to 577.76-612.97 Mb based on the diploid Th. elongatum reference genome. In addition, two competitive allele-specific PCR (KASP) markers co-segregating with Yr4EL were developed to facilitate molecular marker-assisted selection in breeding. The T4DS·4DL-4EL lines were crossed and backcrossed with wheat cultivars SM482 and CM42, and the resulting pre- breeding lines showed high stripe rust resistance and potential for wheat breeding with good agronomic traits. These lines represent new germplasm for wheat stripe rust resistance breeding, as well as providing a solid foundation for Yr4EL fine mapping and cloning.","Gong B, Gao J, Xie Y, Zhang H, Zhu W, Xu L, Cheng Y, Wang Y, Zeng J, Fan X, Sha L, Zhang H, Zhou Y, Wu D, Li Y, Kang H",Theoretical and Applied Genetics,2024
10.1007_s00122-024-04758-y,39425797,Yr29 combined with QYr.nwafu-4BL.3 confers durable resistance to stripe rust in wheat cultivar Jing 411,"Wheat stripe rust or yellow rust (YR), caused by Puccinia striiformis f. sp. tritici (Pst), causes substantial yield reductions globally, but losses can be minimized by using resistance genes. Chinese wheat cultivar Jing 411 (J411) has continued to display an acceptable level of adult-plant resistance (APR) to YR in varied field conditions since its release in the 1990s. A recombinant inbred line (RIL) population comprising 187 lines developed from a cross of J411 and Kenong 9204 (KN9204) was evaluated in multiple environments to identify genomic regions carrying genes for YR resistance. A total of five quantitative trait loci (QTL) on chromosome arm 1BL, 3BS, 4BL, 6BS, and 7BL from J411 and two QTL on 3DS and 7DL from KN9204 were detected using inclusive composite interval mapping with the wheat 660 K SNP array. QYr.nwafu-1BL.5 and QYr.nwafu-4BL.3 from J411 were robust and showed similar effects in all environments. QYr.nwafu- 1BL.5 was likely the pleiotropic gene of Yr29_Lr46. QYr.nwafu-4BL.3 was located within a 1.0 cM interval delimited by KASP markers AX-111609222 and AX-89755491. Based on haplotype analysis, Yr29 and QYr.nwafu-4BL.3 were identified as genetic components of quantitative resistance in a number of wheat cultivars. Moreover, RILs with Yr29 and QYr.nwafu- 4BL.3 individually or when combined showed higher resistance to YR in rust nurseries compared with RILs without them, and there was no negative effect of their presence on agronomic traits under rust-free conditions. These results suggest that effective polymerization strategy is important for breeding high yielding and durable resistance cultivars.","Xiang M, Tian B, Cao J, Liu S, Zhou C, Wang X, Zhang Y, Li J, Yuan X, Wan J, Yu R, Zheng W, Wu J, Zeng Q, Kang Z, Li C, Cui F, Han D",Theoretical and Applied Genetics,2024
10.1007_s00122-024-04760-4,39443304,Genome-wide mapping of quantitative trait loci conferring resistance to stripe rust in spring wheat line PI 660072,"Stripe rust, caused by Puccinia striiformis f. sp. tritici (Pst), is one of the most devastating diseases of wheat worldwide. Identifying resistance genes is crucial for developing resistant cultivars to control the disease. Spring wheat PI 660072 (Triticum aestivum) has been identified to possess both adult-plant resistance (APR) and all-stage resistance (ASR) to stripe rust. To elucidate the genetic basis of the resistance in PI 660072, a mapping population consisting of 211 F5-F7 recombinant-inbred lines (RILs) was developed from a cross of PI 660072 with susceptible spring wheat Avocet S. The map- ping population was phenotyped for stripe rust responses across five field environments from 2020 to 2022 and genotyped using the 15 K SNP (single nucleotide polymorphism) array to map stripe rust resistance loci. The mapping population was also tested at the seedling stage with predominant Chinese Pst races CYR31, CYR32, CYR34 and PST-YX1-3-1 in the greenhouse. Stripe rust resistance genes were identified using the quantitative trait locus (QTL) mapping approach. Two QTL were identified with QYrPI660072.swust-2BL mapped on the long arm of chromosome 2B for ASR and QYrPI660072. swust-4BL on the long arm of chromosome 4B for APR. To facilitate marker-assisted selection breeding, Kompetitive allele specific PCR (KASP) markers, KASP-1269 for QYrPI660072.swust-2BL and KASP-3209 for QYrPI660072.swust-4BL, were developed. These markers could be used to introgress the effective resistance QTL into new wheat cultivars.","Zhou X, Wang Y, Luo Y, Shuai J, Jia G, Chen H, Zhang L, Chen H, Li X, Huang K, Yang S, Wang M, Ren Y, Li G, Chen X",Theoretical and Applied Genetics,2024
10.1007_s00122-024-04763-1,39503804,Leveraging genomic prediction to surpass current yield gains in spring barley,"Barley is one of the most important crops in Europe and meeting the growing demand for food and feed requires continuous increase in yield. Genomic prediction (GP) has the potential to be a cost-efficient tool in breeding for complex traits; however, the rate of yield improvement in current barley varieties is unknown. This study therefore investigated his- torical and current genetic gains in spring barley and how accounting for row-type population stratification in a breeding population influences GP results. The genetic gain in yield was estimated using historical data from field trials from 2014 to 2022, with 22-60 market varieties grown yearly. The genetic gain was estimated to 1.07% per year for all varieties, serving as a reference point for future breeding progress. To analyse the potential of using GP in spring barley a population of 375 breeding lines of two-row and six-row barley were tested in multi-environment trials in 2019-2022. The genetic diversity of the row-types was examined and used as a factor in the predictions, and the potential to predict untested locations using yield data from other locations was explored. This resulted in an overall predictive ability of 0.61 for yield (kg_ha), with 0.57 and 0.19 for the separate two-row and the six-row breeding lines, respectively. Together this displays the potential of implementing GP in breeding programs and the genetic gain in spring barley market varieties developed through GP will help in quantifying the benefit of GP over conventional breeding in the future.","Åstrand J, Odilbekov F, Vetukuri R, Ceplitis A, Chawade A",Theoretical and Applied Genetics,2024
10.1007_s00122-024-04767-x,39532716,Genetic mapping of QTLs for resistance to bacterial leaf streak in hexaploid wheat,"Bacterial leaf streak (BLS), caused by Xanthomonas translucens pv. undulosa poses a significant threat to global wheat production. High levels of BLS resistance are rare in hexaploid wheat. Here, we screened 101 diverse wheat genotypes under greenhouse conditions to identify new sources of BLS resistance. Five lines showed good levels of resistance including the wheat variety Boost and the synthetic hexaploid wheat line W-7984. Recombinant inbred populations derived from the cross of Boost × ND830 (BoostND population) and W-7984 × Opata 85 (ITMI population) were subsequently evaluated in greenhouse and field experiments to investigate the genetic basis of resistance. QTLs on chromosomes 3B, 5A, and 5B were identified in the BoostND population. The 3B and 5A QTLs were significant in all environments, but the 3B QTL was the strongest under greenhouse conditions explaining 38% of the phenotypic variation, and the 5A QTL was the most significant in the field explaining up to 29% of the variation. In the ITMI population, a QTL on chromosome 7D explained as much as 46% of the phenotypic variation in the greenhouse and 18% in the field. BLS severity in both populations was negatively correlated with days to heading, and some QTLs for these traits overlapped, which explained the tendency of later maturing lines to have relatively higher levels of BLS resistance. Markers associated with the QTLs were converted to KASP markers, which will aid in the deployment of the QTLs into elite lines for the development of BLS-resistant wheat varieties.","Acharya K, Liu Z, Schachterle J, Kumari P, Manan F, Xu SS, Green AJ, Faris JD",Theoretical and Applied Genetics,2024
10.1007_s00122-024-04768-w,39576288,Cytological mapping of a powdery mildew resistance locus PmRc1 based on wheat-Roegneria ciliaris structural rearrangement library,"Powdery mildew (Pm), caused by the biotrophic fungal pathogen Blumeria graminis f.sp. tritici (Bgt), is a global destructive disease of bread wheat (Triticum aestivum L.). Identifying and utilizing new Pm resistance gene(s) is the most fundamental work for disease control. Roegneria ciliaris (2n = 4 x= 28, genome ScScYcYc) is a wild relative species of cul- tivated wheat. In this work, we evaluated wheat-R. ciliaris disomic chromosome addition lines for Pm resistance in multiple years. The introduction of R. ciliaris chromosome 1Sc into wheat enhanced resistance. The resistance locus on 1Sc was designated as PmRc1. To cytologically map PmRc1, we induced structural rearrangements using ion irradiation and increas- ing homoeologous chromosomal recombination. The identified 43 1 Sc translocation or deletion lines were used to construct 1Sc cytological bin map by marker analysis using 111 molecular markers. Based on the Pm resistance of the characterized structural rearrangement lines, the PmRc1 locus was cytologically mapped to bin 1 ScS-8 of 1 Sc short arm, flanked by markers CMH93-2 and CMH114-1. Two compensatory chromosomal translocation lines (T1ScS⋅1BL and T1ScS-1AS⋅1AL) carrying PmRc1 were developed and assessed for their agronomic traits. Translocation chromosome T1ScS⋅1BL had enhanced Pm resistance accompanied by negative effects on grain number and single plant yield. Translocation chromosome T 1ScS-1AS⋅ 1AL had enhanced Pm resistance and increased spikelet number per spike, without any obvious negative effect on other tested traits. Thus, T1ScS-1AS⋅1AL is recommended preferentially used in wheat breeding for Pm resistance.","Cheng M, Zhang H, Zhang Y, Tang X, Wang Z, Zhang X, Song X, Li X, Cui H, Wang T, Song R, Xiao J, Wang H, Wang X",Theoretical and Applied Genetics,2024
10.1007_s00122-024-04769-9,39505770,Fine mapping of QGPC.caas-7AL for grain protein content in bread wheat,"Wheat grain protein content (GPC) is important for end-use quality. Identification of genetic loci for GPC is help- ful to create new varieties with good processing quality and nutrients. Zhongmai 578 (ZM578) and Jimai 22 (JM22) are two elite wheat varieties with different contents of GPC. In the present study, 262 recombinant inbred lines (RILs) derived from a cross between ZM578 and JM22 were used to map the GPC with high-density wheat Illumina iSelect 50 K single-nucleotide polymorphism (SNP) array. Seven quantitative trait loci (QTLs) were identified for GPC on chromosomes 3AS, 3AL, 3BS, 4AL, 5BS, 5DL and 7AL by inclusive composite interval mapping, designated as QGPC.caas-3AS, QGPC.caas-3AL, QGPC. caas-3BS, QGPC.caas-4AL, QGPC.caas-5BS, QGPC.caas-5DL and QGPC.caas-7AL, respectively. Among these, alleles for increasing GPC at QGPC.caas-3AS, QGPC.caas-3BS, QGPC.caas-4AL and QGPC.caas-7AL loci were contributed by ZM578, whereas those at the other three loci were from JM22. The stable QTL QGPC.caas-7AL was fine mapped to a 1.82- Mb physical interval using secondary populations from six heterozygous recombinant plants obtained by selfing a residual RIL. Four genes were predicted as candidates of QGPC.caas-7AL based on sequence polymorphism and expression patterns. The near-isogenic lines (NILs) with the favorable allele at the QGPC.caas-7AL locus increased Farinograph stability time, Extensograph extension area, extensibility and maximum resistance by 19.6%, 6.3%, 6.0% and 20.3%, respectively. Kompeti- tive allele-specific PCR (KASP) marker for QGPC.caas-7AL was developed and validated in a diverse panel of 166 Chinese wheat cultivars. These results provide further insight into the genetic basis of GPC, and the fine-mapped QGPC.caas-7AL will be an attractive target for map-based cloning and marker-assisted selection in wheat breeding programs.","Zhao D, Zeng J, Jin H, Liu D, Yang L, Xia X, Tian Y, Zhang Y, Cao S, Zhu W, Wang C, He Z, Liu J, Zhang Y",Theoretical and Applied Genetics,2024
10.1007_s00122-024-04778-8,39540955,Identification and validation of two quantitative trait loci showing pleiotropic effect on multiple grain-related traits in bread wheat (Triticum aestivum L.),"Kernel length (KL), kernel width (KW), thousand grain weight (TGW), and grain number per spike (GNS) play important roles in the yield improvement of wheat. In this study, one recombinant inbred line (RIL) derived from a cross between Yangmai 5 (YM5) and Yanzhan 1 (YZ1) was used to identify quantitative trait loci (QTL) associated with KL, KW, TGW, and GNS across three years. Two pleiotropic QTL namely QKl_Tgw_Gns.yaas-2D and QKl_Tgw.yaas-5A were located in two genomic regions on chromosomes 2D and 5A, respectively. Breeder-friendly Kompetitive Allele-Specific PCR (KASP) markers for QKl_Tgw_Gns.yaas-2D and QKl_Tgw.yaas-5A were developed and validated in a set of 246 wheat cultivars_lines. Analysis of allelic combinations indicated that the YM5 allele both at QKl_Tgw_Gns.yaas-2D and QKl_Tgw. yaas-5A is probably the best one to promote TGW, GNS, and grain weight per spike. Based on the analysis of gene annota- tion, sequence variations, expression patterns, and GO enrichment, twenty-five and twenty-four candidate genes of QKl_ Tgw_Gns.yaas-2D and QKl_Tgw.yaas-5A, respectively, were identified. These results provide the basis of fine-mapping the target QTL and marker-assisted selection in wheat yield-breeding programs.","Hu W, You J, Yong R, Zhao D, Li D, Wang Z, Jia J",Theoretical and Applied Genetics,2024
10.1007_s00122-024-04779-7,39549072,Fine mapping and candidate gene mining of QSc_Sl.cib-7H for spike compactness and length and its pleiotropic effects on yield-related traits in barley (Hordeum vulgare L.),"Spike compactness (SC) and length (SL) are important traits of barley (Hordeum vulgare L.) due to their close association with grain yield. In this study, a major SC and SL locus QSc_Sl.cib-7H was primarily identified on chromosome 7H by bulked segregant analysis, and further fine mapped to a recombination cold spot expanding 244.36-388.09 Mb by developing a secondary population using residual heterozygous lines. This region is much more accurate than previously reported spike compactness loci on chromosome 7H. The strong effects of QSc_Sl.cib-7H on SL and SC were validated in two pair of near isogenic lines (NILs) and diverse genetic backgrounds. QSc_Sl.cib-7H exhibited pleiotropic effects on plant height (PH), thousand grain weight and grain length, and did not significantly influence the spikelet number of main spike (SMS) and grain width. Transcriptome analysis based on NILs showed that regulation of SC and SL might be related to the plant circadian rhythm pathway. The candidate genes were mined by analyzing variants and expression patterns of genes in the target region employing multiple genome and transcriptome data. This study takes a further step towards cloning of QSc_Sl.cib-7H, and the data obtained and the developed molecular markers will facilitate its utilization in barley breeding.","Wang J, Tang Y, Li J, Zhang J, Huang F, Li Q, Chen B, Zhang L, Li T, Zhang H, Liang J, Deng G, Li W, Long H",Theoretical and Applied Genetics,2024
10.1007_s00122-024-04787-7,39576319,An eight-founder wheat MAGIC population allows fine-mapping of flowering time loci and provides novel insights into the genetic control of flowering time,"Flowering time synchronizes reproductive development with favorable environmental conditions to optimize yield. Improved understanding of the genetic control of flowering will help optimize varietal adaptation to future agricultural systems under climate change. Here, we investigate the genetic basis of flowering time in winter wheat (Triticum aestivum L.) using an eight-founder multi-parent advanced generation intercross (MAGIC) population. Flowering time data was collected from field trials across six growing seasons in the United Kingdom, followed by genetic analysis using a combination of linear modelling, simple interval mapping and composite interval mapping, using either single markers or founder haplotype probabilities. We detected 57 quantitative trait loci (QTL) across three growth stages linked to flowering time, of which 17 QTL were identified only when the major photoperiod response locus Ppd-D1 was included as a covariate. Of the 57 loci, ten were identified using all genetic mapping approaches and classified as ‘major’ QTL, including homoeologous loci on chromosomes 1B and 1D, and 4A and 4B. Additional Earliness per se flowering time QTL were identified, along with growth stage- and year-specific effects. Furthermore, six of the main-effect QTL were found to interact epistatically with Ppd-D1. Finally, we exploited residual heterozygosity in the MAGIC recombinant inbred lines to Mendelize the Earliness per se QTL QFt.niab-5A.03, which was confirmed to modulate flowering time by at least four days. This work provides detailed understanding of the genetic control of phenological variation within varieties relevant to the north-western European wheat genepool, aiding informed manipulation of flowering time in wheat breeding. Keywords Multi-founder crop populations · Environmental adaptation · Photoperiod · Earliness per se (Eps) · Flowering time","Fourquet L, Barber T, Campos-Mantello C, Howell P, Orman-Ligeza B, Percival-Alwyn L, Rose GA, Sheehan H, Wright TIC, Longin F, Würschum T, Novoselovic D, Greenland AJ, Mackay IJ, Cockram J, Bentley AR",Theoretical and Applied Genetics,2024
10.1007_s00122-024-04791-x,39724311,Genotyping-by-sequencing uncovers a Thinopyrum 4StS·1JvsS Robertsonian translocation linked to multiple stress tolerances in bread wheat,"Agropyron glael (GLAEL), a Thinopyrum intermedium × Th. ponticum hybrid, serves as a valuable genetic resource for wheat improvement. Despite its potential, limited knowledge of its chromosome structure and homoeologous relationships with hexaploid wheat (Triticum aestivum) has restricted the full exploitation of GLAEL's genetic diversity in breeding programs. Here, we present the development of a 44-chromosome wheat_GLAEL addition line (GLA7). Multicolor genomic in situ hybridization identified one chromosome arm from the St subgenome of Th. intermedium, while the other arm remained unclassified. Genotyping-by-sequencing (GBS) read coverage analysis revealed a unique Robertsonian translocation between two distinct Thinopyrum subgenomes, identified as 4StS·1JvsS. The GLA7 line demonstrated strong adult plant resistance to both leaf rust and stripe rust under natural and artificial infection conditions. Automated phenotyping of shoot morphological parameters together with leaf relative water content and yield components showed that the GLA7 line exhibited elevated drought tolerance compared to parental wheat genotypes. Three years of field trials showed that GLA7 exhibits similar agronomic performance and yield components to the wheat parents. This unique addition line holds promise for enhancing wheat's tolerance to multiple stresses through the introduction of new resistance genes, as well as its ability to mitigate the effects of temporary water limitation during flowering, all without negatively impacting wheat performance.","Kruppa K, Türkösi E, Holušová K, Kalapos B, Szakács É, Cséplő M, Farkas A, Ivanizs L, Szőke-Pázsi K, Mikó P, Kovács P, Gulyás A, Hidvégi N, Molnár-Láng M, Darkó É, Bartoš J, Gaál E, Molnár I",Theoretical and Applied Genetics,2025
10.1007_s00122-024-04792-w,39658707,Construction of a physical map for Aegilops geniculata chromosome 7 Mg and localization of its novel purple coleoptile gene,"The development of wheat-wild relative chromosomal structure aberrations not only provides novel germplasm resources for wheat improvement, but also aids in mapping desirable genes to specific chromosomal regions. Aegilops geniculata (2n = 4x = 28, UgUgMgMg), a wild relative of common wheat, possesses many favorable genes. In this study, Ae. geniculata chromosome 7 Mg was identified as harboring a purple coleoptile gene by phenotypic evaluation of Chinese Spring (CS)-Ae. geniculata addition and substitution lines. To construct a physical map of chromosome 7 Mg and localize the purple coleoptile gene, 59 molecular markers specific to 7Mg were developed, and 43 wheat-Ae. geniculata 7Mg chromosome structure aberrations were generated based on chromosome centromeric breakage-fusion and ph1b-induced homoeologous recombination. Segment sizes and breakpoint positions of each 7Mg structure aberration were further characterized using in situ hybridization and molecular marker analysis. Consequently, a physical map of chromosome 7Mg was constructed with 59 molecular markers, comprising six bins with 28 markers on 7MgS and six bins with 31 markers on 7MgL, and the purple coleoptile gene was mapped to an interval of FL 0.60-0.65 on 7MgS. The newly developed wheat-Ae. geniculata 7Mg structural aberrations and the physical map of 7 Mg will facilitate the transfer and utilization of desirable genes from 7Mg in the future.","Li H, Guo F, Zhao Y, Wang C, Fan Z, Feng Y, Ji X, Tao L, Ma C, Qian J, Zhao Y, Liu Q, Sehgal SK, Liu C, Liu W",Theoretical and Applied Genetics,2025
10.1007_s00122-024-04795-7,39775923,Identification and validation of two quantitative trait loci for dwarf bunt in the resistant cultivar 'UI Silver',"Dwarf bunt, caused by Tilletia controversa, is a fungal disease of wheat that can cause complete loss of grain yield and quality during epidemics. Traditional breeding for dwarf bunt resistance requires many years of field screening under stringent conditions with disease assessment possible only near or after plant maturity. Molecular marker-assisted selection (MAS) offers a more efficient alternative. This study identified quantitative trait loci (QTL) and associated molecular markers for dwarf bunt resistance in wheat. A doubled haploid (DH) mapping population of 135 lines, derived from bunt-resistant cultivar 'UI Silver' and susceptible line 'Shaan89150', was evaluated in field nursery in Logan, Utah in 2017, 2018, and 2023. The population was genotyped using Illumina 90 K SNP iSelect marker platform. Using inclusive composite interval mapping (ICIM), the major QTL Qdb.ssdhui-6DL was consistently identified on chromosome arm 6DL across all environ- ments, explaining phenotypic variations ranging from 15.29% to 35.40%. Another QTL, Qdb.ssdhui-6DS, was detected on chromosome arm 6DS, explaining approximately 11% of the phenotypic variation. These two QTLs exhibit additive-by- additive effects for increased resistance within the DH population. Kompetitive allele-specific PCR (KASP) markers were developed within QTL intervals and used in a validation panel of regionally adapted winter wheat lines to confirm the association between the two QTL and dwarf bunt resistance. Thus, 'UI Silver' and additional resistant cultivars with these two QTLs are valuable parental lines for improving dwarf bunt resistance through marker-assisted selection. These genetic resources are essential for understanding gene function via map-based gene cloning.","Joshi P, Dhillon GS, Gao Y, Kaur A, Wheeler J, Chen X, Krause W, Krause MR, Chen J",Theoretical and Applied Genetics,2025
10.1007_s00122-024-04802-x,39777544,Genetic dissection of flag leaf morphology traits and fine mapping of a novel QTL (Qflw.sxau-6BL) in bread wheat (Triticum aestivum L.),"The flag leaf is an ""ideotypic"" morphological trait providing photosynthetic assimilates in wheat. Although flag leaf morphology (FLM) traits had been extensively investigated through genetic mapping, there is a desire for FLM-related loci to be validated in multi-environments and fine mapping. In order to identify the stable genomic regions for FLM traits, we conducted a meta-genomic analysis based on reports from 2008 to 2024. Experimentally, a doubled haploid (DH) population was used to assess the genetic regions associated with FLM traits in nine environments. The meta-genomic analysis extracted 60 QTL-rich clusters (QRC), 45 of which were verified in marker-trait association (MTA) study. Nine major and stable QTL were found being associated with FLM traits across three-to-seven environments including BLUP, with phenotypic variance explained (PVE) ranging from 5.05 to 34.95%. The KASP markers of the nine QTL were validated (P < 0.005) in more than three environments using a panel of diverse wheat collections from Shanxi Province in China. Two co-located major and stable QTL viz. Qflw.sxau-6B.5 and Qfla.sxau-6B.4 were found novel and contributed to increase FLW by 12.09-19.21% and FLA by 5.45-13.28%. They also demonstrated high recombination rates in LD analysis based on the resequencing of 145 wheat landmark cultivars. The fine mapping of Qflw.sxau-6BL narrowed it down to a 1.27 Mb region as a result of the com- bined genotypic and phenotypic analysis for secondary mapping population. Comparing to NIL-ND3338, the NIL-LF5064 showed higher FLW by 20.45-27.37%, thousand-grain weight by 1.88-2.57% and grain length by 0.47-2.30% across all environments. The expression analysis of 11 tissues revealed seven highly expressed genes within the fine map region. This study provides a genetic basis for the FLM traits for further map-based cloning of FLW genes in wheat.","Qiao L, Zheng X, Zhao J, Wu B, Hao Y, Li X, Helal MMU, Zheng J",Theoretical and Applied Genetics,2025
10.1007_s00122-024-04806-7,39786601,Genomic prediction for yield and malting traits in barley using metabolomic and near-infrared spectra,"Significant attention has recently been given to the potential benefits of metabolomics and near-infrared spectros- copy technologies for enhancing genetic evaluation in breeding programs. In this article, we used a commercial barley breed- ing population phenotyped for grain yield, grain protein content, and five malting quality traits: extract yield, wort viscosity, wort color, filtering speed, and beta-glucan, and aimed to: (i) investigate genetic variation and heritability of metabolomic intensities and near-infrared wavelengths originating from leaf tissue and malted grain, respectively; (ii) investigate variance components and heritabilities for genomic models including metabolomics (GOBLUP-MI) or near-infrared wavelengths (GOBLUP-NIR); and (iii) evaluate the developed models for prediction of breeding values for traits of interest. In total, 639 barley lines were genotyped using an iSelect9K-Illumina barley chip and recorded with 30,468 metabolomic intensities and 141 near-infrared wavelengths. First, we found that a significant proportion of metabolomic intensities and near-infrared wavelengths had medium to high additive genetic variances and heritabilities. Second, we observed that both GOBLUP- MI and GOBLUP-NIR, increased the proportion of estimated genetic variance for grain yield, protein, malt extract, and beta-glucan compared to a genomic model (GBLUP). Finally, we assessed these models to predict accurate breeding values in fivefold and leave-one-breeding-cycle-out cross-validations, and we generally observed a similar accuracy between GBLUP and GOBLUP-MI, and a worse accuracy for GOBLUP-NIR. Despite this trend, GOBLUP-MI and GOBLUP-NIR enhanced predictive ability compared to GBLUP by 4.6 and 2.4% for grain protein in leave-one-breeding-cycle-out and grain yield in fivefold cross-validations, respectively, but differences were not significant (P-value > 0.01).","Raffo MA, Sarup P, Jensen J, Guo X, Jensen JD, Orabi J, Jahoor A, Christensen OF",Theoretical and Applied Genetics,2025
10.1007_s00122-024-04807-6,39730764,Pseudo-linkage or real-linkage of rust resistance genes in a wheat-Thinopyrum intermedium translocation line,"Wheat addition lines Z4 and Z5 carrying rust resistance genes from Thinopyrum intermedium (JJJsJsStSt, 2n = 6x = 42) together with three wheat lines involved in the production of these addition lines were analysed by rust response, 90K SNP genotyping, and molecular cytogenetic analysis. Seedling leaf rust (LR) responses to five diverse pathotypes indicated that the LR resistance gene(s) was located in translocation chromosome T3DS-3AS.3AL-7StS common to Z4 and Z5. The stripe rust (YR) resistance gene(s) was located in translocation chromosome T3AL-7StS.7StL, which is unique to Z4, based on the seedling YR responses to four diverse pathotypes. Backcross and selfed populations involving the addi- tion lines and various wheat cultivars were studied to understand the inheritance of the alien resistance genes. Although inheritance studies indicated genetic linkage, the alien genes for resistance to leaf rust (LR) and stripe rust (YR) in Z4 were present in different wheat-Th. intermedium translocation chromosomes. We found that LR and YR were in pseudo-linkage, rather than true linkage. Keywords Alien resistance genes FISH GISH Wheat 90K SNP array","Li J, Ryan M, Dong C, Forrest KL, Hayden MJ, Singh S, Wang Y, Ahmed N, McIntosh RA, Zhang P",Theoretical and Applied Genetics,2025
10.1007_s00122-024-04811-w,39786445,Dissection of QTLs underlying the genetic basis of drought resistance in wheat: a meta-analysis,"Wheat (Triticum aestivum L.) is one of the most important cereal crops, with its grain serving as a predominant staple food source on a global scale. However, there are many biotic and abiotic stresses challenging the stability of wheat production. Among the abiotic stresses, drought is recognized as a significant stress and poses a substantial threat to food production and quality throughout the world. Raising drought tolerance of wheat varieties through genetic regulation is therefore considered as one of the most effective ways to combat the challenges caused by drought stress. Meta-QTL analysis has demonstrated its effectiveness in identifying consensus QTL regions in wheat drought resistance in numerous instances. In this study, we present a comprehensive meta-analysis aimed at unraveling the drought tolerance genetic basis associated with agronomic traits in bread wheat. Extracting data from 34 previously published studies, we aggregated a corpus of 1291 Quantitative Trait Loci (QTL) pertinent to wheat drought tolerance. Then, the translation of the consensus genetic map yielded a com- prehensive compendium of 49 distinct MQTLs, each associated with diverse agronomic traits. Prominently featured among the MQTLs were MQTLs 1.1, 1.7, 1.8 (1D), 4.1 (4A), 4.6 (4D), 5.2 (5B), 6.6 (6B), and 7.2 (7B), distinguished as pivotal MQTLs offering significant potential for application in marker-assisted breeding endeavors. Altogether, a total of 66 putative candidate genes (CGs)-related drought tolerance were identified. This work illustrates a translational research approach in transferring information from published mapping studies to genomic regions hosting major QTLs governing key agronomi- cal traits in wheat.","Shakir AM, Geng M, Tian J, Wang R",Theoretical and Applied Genetics,2025
10.1007_s00122-024-04814-7,39774685,Mining genomic regions associated with stomatal traits and their candidate genes in bread wheat through genome-wide association study (GWAS),"Stomata is a common feature of the leaf surface of plants and serve as vital conduits for the exchange of gases (primarily CO2 and water vapor) between plants and the external environment. In this study, a comprehensive genome analy- sis was conducted by integrating genome-wide association study (GWAS) and genome prediction to identify the genomic regions and candidate genes of stomatal traits associated with drought resistance and water-saving properties in a panel of 184 diverse bread wheat genotypes. There were significant variations on stomatal traits in the wheat panel across different environmental conditions. GWAS was conducted with the genotypic data from the wheat 660 K single-nucleotide polymor- phism (SNP) chip, and the stomatal traits conducted across three environments during two growing seasons. The final GWAS identified 112 candidate QTLs that exhibited at least two significant marker-trait associations. Subsequent analysis identified 53 key candidate genes, including 13 bHLH transcription factor, 2 MADS-box transcription factors, and 4 mitogen-activated protein kinase genes, which may be strongly associated with stomatal traits. The application of Bayesian ridge regression for genomic prediction yielded an accuracy rate exceeding 60% for all four stomatal traits in both SNP matrices, with stomatal width achieving a rate in excess of 70%. Additionally, three Kompetitive allele-specific PCR markers were developed and validated, representing a significant advancement in marker-assisted prediction. Overall, these results will contribute to a more comprehensive understanding of wheat stomatal traits and provide a valuable reference for germplasm screening and innovation in wheat germplasm with novel stomatal traits.","Liu D, Lu S, Tian R, Zhang X, Dong Q, Ren H, Chen L, Hu Y",Theoretical and Applied Genetics,2025
10.1007_s00122-025-04817-y,39843841,"Unveiling the genetic architecture of barley embryo: QTL mapping, candidate genes identification and its relationship with kernel size and early vigour","Embryo, also known as germ, in cereal grains plays a crucial role in plant development. The embryo accounts for only a small portion of grain weight but it is rich in nutrients. Larger embryo translates to a more nutritious grain and larger store of energy reserves, which can benefit seed germination and seedling establishment. However, reports on quantitative trait loci (QTL) affecting embryo size in barley is rare. To understand the genetic basis of embryo size in barley, a population consisting of 201 F9 recombination inbred lines (RILs) was assessed in four environments. Three regions affecting various characteristics of embryo size including embryo length (EL), embryo width (EW) and embryo area (EA) were consistently identified. They located on chromosomes 2H, 4H and 7H, respectively. Among them, the QTL on 7H was not significantly affected by kernel size. Phenotypic variances explained by this QTL for EL, EW and EA were 11.8%, 9.3% and 12.7%, respectively. Taken advantage of the available genomic assemblies of the two parental genotypes, candidate genes for this locus on 7H were identified. In addition, significant correlations between embryo size and early vigour and kernel traits were detected. To our knowledge, the present study is for the first time reporting QTL conferring embryo size by directly measuring the characteristics as quantitative trait in barley, which would broaden our understanding of the genetic basis of barley embryo size and offer valuable targets for future breeding programmes.","Chen X, Su Z, Zheng Y, Li C, Ma J, Ma J, Shi F, Hu H, Liu C, Zheng Z",Theoretical and Applied Genetics,2025
10.1007_s00122-025-04818-x,39779539,Identification of genetic loci and candidate genes underlying Fusarium crown rot resistance in wheat,"The putative gene underlying this locus was pinpointed via virus-induced gene silencing. Abstract Fusarium crown rot (FCR), caused by various Fusarium pathogens such as Fusarium pseudograminearum and F. culmorum, is a severe soil-borne disease which significantly affected wheat (Triticum aestivum) production in many arid and semi-arid cropping regions of the world. In this study, a total of 5 QTLs associated with FCR resistance were detected on chromosomes 1B, 2B, 3A, 5A, and 7D using a population of 120 F8 recombinant inbred lines (RIL) derived from a cross between two Chinese germplasm 20828 and SY95-71. A major locus Qfcr.cau-1B, which accounted for up to 28.33% of the phenotypic variation with a LOD value of 10.99, was consistently detected across all three trials conducted. The effect of Qfcr.cau-1B on FCR resistance was further validated using a F5 RIL population between 20828 and BLS2. Integrated tran- scriptome and sequence variation analysis showed that three genes including TraesCS1B02G017700, TraesCS1B02G016400, and TraesCS1B02G022300 were potential candidate genes for Qfcr.cau-1B. Of these three genes, the virus-induced silencing of TraesCS1B02G022300 significantly promoted FCR severity, indicating its positive role in FCR resistance. Taken together, results from this study expand our understanding on genetic basis of FCR resistance in wheat and will be indicative for clon- ing genes conferring FCR resistance.","Su Y, Xu X, Wang Y, Wang T, Yu J, Yang J, Li J, Gao Y, Wang Y, Sang W, Li C, Wang X, Zheng Z, Xie C, Ma J, Ma J",Theoretical and Applied Genetics,2025
10.1007_s00122-025-04824-z,39907799,"Mapping and validation of QTkw.cau-3DL, a major QTL controlling thousand-kernel weight in wheat","Increasing kernel weight is an effective way to improve yield potential in wheat. The identification of major quanti- tative trait loci (QTL) for kernel weight, without negative effects on other yield-related traits, is crucial for continuous yield improvement. We developed a population of F6 recombinant inbred lines from Jimai 120 x Jimai 325 and identified eight QTL for thousand-kernel weight, kernel length, and kernel width across five environments. The population was genotyped using Wheat15K SNP arrays and QTL analysis found that one QTL, QTkw.cau-3DL, on the chromosome arm 3DL consist- ently showed major effects on TKW and KL in five field experiments. This QTL accounted for up to 16.43% and 13.87% of phenotypic variation, respectively. QTkw.cau-3DL was confined to a 5.72-Mb (3.48 cM) interval between 554.39 Mb and 560.11 Mb. This QTL was validated in a pair of NILs and in a new population. QTkw.cau-3DL increased kernel weight per spike without any negative effect on heading data, plant height, spike length, spikelet number per spike, or kernels number per spike. It increased grain yield by 6.2% under regular field production conditions. Haplotype analysis and geographical distribution in a nationwide collection of 630 wheat cultivars showed that QTkw.cau-3DL has not been widely deployed in Chinese wheat breeding programs. QTkw.cau-3DL is a novel QTL for increasing TKW through increasing KL; therefore, it is an important locus for enhancing wheat grain yield. The tightly linked, user-friendly markers developed in this study should facilitate map-based cloning and marker-assisted selection of the QTL in wheat breeding programs.","He X, Liu J, Ren X, Wei S, Zhu Z, Zhang F, Hu S, Ding Y, Sun F, Han D, Bai G, Ni Z, Sun Q, Su Z",Theoretical and Applied Genetics,2025
10.1007_s00122-025-04826-x,39891684,The location and genome origin of alien chromatin in wheat founder parent Xiaoyan 6,"As a founder parent, Xiaoyan 6 has played an important role in distant hybridization breeding in China. Although it came from the cross between common wheat and Thinopyrum ponticum (Podp.) Barkworth and D.R. Dewey, the loca- tion of its alien chromatin has not been determined using traditional genomic in situ hybridization (GISH). In the present study, chromosome variation in Xiaoyan 6 was discovered by multicolor GISH analysis. Four alien-specific markers were developed by specific-locus amplified fragment sequencing technique. Their amplified sequences were analyzed by basic local alignment search tool with the reference genome sequences of common wheat Chinese Spring (CS) and Th. elongatum, and the whole genome re-sequencing reads of Th. ponticum and CS. Furthermore, the four markers were mapped on three different chromosomes in two RIL populations. By dissecting the mapped reads depth of the whole genome re-sequencing of Xiaoyan 6, we found that the depth of nine chromosome regions was obviously lower than the average. Among these, three regions on 1A, 3A and 7B were demonstrated as the alien introgressions in Xiaoyan 6 by multiple methods. Finally, the genetic transmission of the alien chromatin was analyzed in a set of wheat-Th. ponticum introgression lines. Some stable QTLs for morphological and physiological traits have been mapped near the alien chromatin.","Luo Q, Zheng Q, Tong C, Jia H, Liu L, Yin M, Xie J, Li H, Wang H, Chen Z, Li B, He F, Li Z",Theoretical and Applied Genetics,2025
10.1007_s00122-025-04827-w,39880939,Non-additive dosage-dependent effects of TaGS3 gene editing on grain size and weight in wheat,"The grain size in cereals is one of the component traits contributing to yield. Previous studies showed that loss-of- function (LOF) mutations in GS3, encoding Ggamma subunit of the multimeric G protein complex, increase grain size and weight in rice. While an association between allelic variation in the GS3 homologs of wheat and grain weight_size has been detected previously, the effects of LOF alleles at TaGS3 on these traits remain unknown. We used genome editing to create TaGS3 mutant lines with varying LOF homeo-allele dosages. Contrary to the results obtained in rice, editing all three TaGS3 homoeologous copies resulted in a significant decrease in grain length (4.4%), width (3.4%), grain area (7.3%) and weight (7.5%), without affecting the number of grains per spike. Compared to the wild type, the highest increase in grain weight (up to 9.6%) and area (up to 5.0%) was observed in homozygous mutants with one or two genomes carrying LOF homeo-alleles, suggesting non-additive suppressive effects of TaGS3 on grain size and weight in wheat. Our results suggest that the regula- tory effects of GS3 homologs in wheat and rice have diverged. The newly developed LOF homeo-alleles of TaGS3 expand the set of CRISPR-Cas9-induced variants of yield component genes that have potential to increase grain weight in wheat.","Wang W, Pan Q, Tian B, Yu Z, Davidson D, Bai G, Akhunova A, Trick H, Akhunov E",Theoretical and Applied Genetics,2025
10.1007_s00122-025-04833-y,39921737,Histone acetyltransferase Sas3 in Phomopsis liquidambaris promotes spermidine biosynthesis against Fusarium graminearum in wheat,"Fusarium head blight (FHB) is a common wheat disease caused mainly by Fusarium graminearum. The present study showed that overexpression of the histone acetyltransferase Sas3 in Phomopsis liquidambaris regulated the synthesis of spermidine and promoted resistance to F. graminearum in wheat. Sas3 localized in the nucleus plays a key role in acetylating lysines 9 and 14 of histone H3 (H3K9 and H3K14) and clearly promotes the development and growth of P. liquidambaris in the overexpression strain OE-Sas3 and knockout strain Ko-Sas3. The OE-Sas3 strain promoted the growth of wheat seedlings and increased the level of reactive oxygen species (ROS) pumps, which increased the activities of the catalase (CAT) and peroxidase (POD) and the expression levels of genes involved in the jasmonic acid, ethylene, and salicylic acid pathways. Furthermore, OE-Sas3 increased the level of resistance of wheat to F. graminearum through the positive regulation of sper- midine biosynthesis, which reduced the incidence of wheat spike disease from 76 to 54% and that of grain disease from 52.35 to 32.68%. This study provides a new perspective for the application of P. liquidambaris as a biocontrol agent via rational design and improved FHB resistance.","Cui X, Yang Z, Wang L, Dong Y, Ke S, Zhan Z, Dai C, Mei Y",Theoretical and Applied Genetics,2025
10.1007_s00122-025-04838-7,40021553,Fine mapping of stripe rust resistance gene YrAn1589 in common wheat using Wheat660K SNP array and BSR-Seq,"Stripe rust, caused by Puccinia. striiformis f. sp. tritici (Pst), is a devastating fungal disease that can significantly reduce wheat yield. The Chinese wheat cultivar Annong1589 demonstrates high resistance against the predominant Pst races in the Huang-Huai valley wheat region. The present study aimed to identify the stripe rust resistance gene in Annong1589. Genetic analysis indicated that the resistance in Annong1589 was conferred by a single dominant gene, provisionally desig- nated YrAn1589. Using Wheat660K SNP array, bulked segregant RNA sequencing and new molecular markers developed, the resistance gene was mapped to a 160.9-166.6 kb region between CAPS8 and CAPS10 on chromosome 3BL based on IWGSC CS RefSeq v2.1 and eight other reference genome sequences, including eight high-confidence annotated genes. Transcriptome and qRT-PCR analyses revealed significantly upregulated expression of TraesCS3B03G1054600 in resistant plants following CYR32 inoculation, suggesting it is a potential candidate gene for YrAn1589. A functional marker CAPS9 developed from a A_G polymorphic SNP in the candidate co-segregated with YrAn1589 in the F2 population. Subcellular localization experiments showed that TraesCS3B03G1054600 protein was localized in the cytoplasm and nucleus, implying its role in immune response and resistance. Our findings establish YrAn1589 as a new stripe rust resistance gene, providing valuable gene resource and molecular markers for improvement of stripe rust resistance in wheat.","Hao W, Wu Y, Guo Q, Wu J, Lin M, Hu Q, Tandayu E, Lu J, Si H, Ma C, Wang X, Chen C",Theoretical and Applied Genetics,2025
10.1007_s00122-025-04847-6,40053141,Genetic dissection for seedling root-related traits using multiple-methods in bread wheat (Triticum aestivum L.),"The root system of wheat affects water and fertilizer use efficiency, stress tolerance, and agronomic traits. Using association analysis and linkage mapping, QTL associated with 11 seedling-stage root traits were identified with single nucleotide polymorphisms (SNPs) and SCVs under both hydroponic nutrient solution culture experiment (NCE) and ver- miculite culture experiment (VCE). Except for maximum root length (MRL), the root traits of seedlings under NCE and VCE differed significantly. Root fresh weight (RFW) and root dry weight (RDW) were significantly correlated with most agronomic traits and grain yield. Identification of RFW and RDW by NCE might provide a reference basis for VCE. Co- localization analysis revealed that NCE and VCE simultaneously detected SNP-loci viz. QRdw.sxau-6A, QRd.sxau-1B.2, and QDw.sxau-6A (5.56-8.76% of R 2). The SCV-loci Mr1B-3, Mr3A-3 and Mr3A-4 were detected in both NCE and VCE (4.74-9.07% of R2). Furthermore, QRdw.sxau-6A, QSfw.sxau-6A and QRd.sxau-4A were detected using the mixed linear model (MLM), 3 Variance-component multi-locus random-SNP-effect Mixed Linear Mode (3VmrMLM) and rrBLUP. In the association panel, SNPs and SCVs co-localized to 14 MTAs, of which Mr5A-6 and QRd.sxau-5A were significantly associated with root diameter (RD). The association panel and doubled haploid (DH) population co-located 10 QTL, of which QDw.sxau-1D was stably detected. Finally, QDw.sxau-6A and Mg6A-9 overlapped in same genomic location containing candidate genes TraesCS6A02G372300, TraesCS6A02G382900 and TraesCS6A02G365100. The present study contributes novel insights into the genetics of root architecture in wheat.","Wei N, Hao Y, Tao J, Zhao J, Wu B, Qiao L, Li X, Zheng X, Wang J, Zheng J",Theoretical and Applied Genetics,2025
10.1007_s00122-025-04851-w,40009158,Identification and validation of quantitative trait loci for seven quality-related traits in common wheat (Triticum aestivum L.),"Wheat grain quality traits are the key factors for economic value and are largely influenced by genetics and the environment. In this study, a genetic linkage map consisting of 8329 markers spanning 4131.54 cM was constructed using the Wheat55K SNP Array by genotyping a recombinant inbred line population of 304 lines. The quantitative trait loci (QTLs) for the swelling index of glutenin, SDS sedimentation volume (SDSS), wet gluten content, grain protein content, gluten index, grain starch content, and falling number were mapped for multiple years of experiments using the ICIM-BIP, ICIM- MET, and ICIM-EPI methods, respectively. A total of 92 QTLs, 194 cQTLs, and 117 pairs of eQTLs were mapped. Six QTLs, which were QGPC.sau-4A.1, QWGC.sau-4A, QSDSS.sau-1A.1, QGI.sau-1A, QFN.sau-4D, and QSIG.sau-1A, were considered major and stable QTLs. BLAST results showed that except QFN.sau-4D, the other 5 QTLs were new. Eight QTL clusters that contained 19 QTLs were also detected, and all the major and stable QTLs were located in these QTL clusters. Kompetitive allele-specific PCR markers closely linked to the six QTLs were designed. The genetic effects of the major and stable QTLs were successfully confirmed in different populations. These results provide new resources for breeding of high-quality wheat in the future.","Li Z, Li X, Liu S, Mai S, Qin Y, Wang S, Zhou Z, Yang K, Huang X, Deng Y, Luo Q, Ren T",Theoretical and Applied Genetics,2025
10.1007_s00122-025-04852-9,40000500,Characterization of a stable QTL for quality-related traits and its effects on yields in wheat (Triticum aestivum L.),"Wheat quality traits are usually negatively correlated with yield traits, but they affect the processing quality and nutritional value of wheat. Therefore, identifying more wheat quantitative trait loci (QTLs) and elucidating their genetic basis are essential for cultivating new high-quality and high-yielding wheat varieties. In this study, QTL analysis for five quality-related traits was performed on a recombinant inbred line (RIL) mapping population, KJ-RIL, derived from a cross between Kenong 9204 (KN9204) and Jing 411 (J411). A total of 6 major stable QTLs and 59 pairwise epistatic eQTLs (eQTLs) for dough tractility (DT), kernel hardness (KH), Zeleny sedimentation value (ZEL), water absorption (WAR) and wet gluten content (WGC) were identified in multiple environments. The genetic effects and additive pyramiding effects of the major and stable QTLs of qDt-KJ-4B on quality- and yield-related traits were characterized. The DT phenotypic values of the KJ-RILs increased with the number of favourable QTLs. BAB (only qDt-KJ-5D did not harbour favourable alleles) and BBA (only qDt-KJ-4A did not harbour favourable alleles) were the best combination for improving both the quality and yield potential of qDt-KJ-4B, qDt-KJ-4A and qDt-KJ-5D. The candidate genes underlying qDt-KJ-4B were predicted on the basis of multiomics data, with TraesKN4B01HG03930 and TraesKN4B01HG03950 as the most likely candidate genes. Overall, our results are helpful for elucidating the genetic relationships between quality- and yield-related traits and will aid in future development of new high-quality and high-yield wheat varieties to meet diverse consumption needs.","Ding H, Li Y, Ou J, Song Y, Qiu L, Rong X, Sun H, Zhao C, Wu Y, Qin R, Li J, Liu C, Cui F",Theoretical and Applied Genetics,2025
10.1007_s00122-025-04853-8,40014102,The knockout of Ggamma subunit HvGS3 by CRISPR_Cas9 gene editing improves the lodging resistance of barley through dwarfing and stem strengthening,"Ggamma subunits participate in multiple biological processes, but their biological function in barley is unknown. Here, CRISPR_ Cas9 gene editing was used to knockout HvGS3 in barley. The height of hvgs3 plants were reduced by 37.8 ~ 43.1% compared to wild type, and the culm lodging resistance index (CLRI) of the second internode of stems was increased by 76.6%. The decrease in cell length of the second internode was similar to its node length. The shorter cells may be the main reason for the declines in the internode length and plant height. The number and area of vascular bundles, the epidermal thickness, and the mechanical tissue thickness were significantly higher in hvgs3 due to the higher lignin content. Transcriptome analysis showed higher expression of structural genes related to lignin biosynthesis. Gibberellin (GA) biosynthesis was suppressed through the down-regulation of the GA3ox gene, and the application of gibberellin restored the plant height of hvgs3, indi- cating that plant height was altered by hindering gibberellin biosynthesis. These results shed new light on the functions of the Ggamma subunit GS3 and provide a resource for breeding new lodging-resistant barley cultivars.","Jiang Y, Xue R, Chang Y, Cao D, Liu B, Li Y",Theoretical and Applied Genetics,2025
10.1007_s00122-025-04858-3,40063245,Genome-wide association mapping for the identification of stripe rust resistance loci in US hard winter wheat,"Stripe rust is a destructive wheat disease, caused by Puccinia striiformis f. sp. tritici (Pst). To identify sources of stripe rust resistance in US contemporary hard winter wheat, a panel of 459 Great Plains wheat genotypes was evalu- ated at the seedling stage against five US Pst races and at the adult plant stage in field environments in Oklahoma, Kansas, and Washington. The results showed that 7-14% of the genotypes were resistant to Pst races at the seedling stage, whereas 32-78% of genotypes were resistant at the adult plant stage across field environments, indicating the presence of adult plant resistance. Sixteen genotypes displayed a broad spectrum of resistance to all five Pst races and across all field environments. The panel was further genotyped using 9858 single-nucleotide polymorphisms (SNPs) generated from multiplex restriction amplicon sequencing (MRASeq) and the functional DNA markers linked to the known stripe rust resistance (Yr) genes Yr5, Yr15, Yr17, Yr18, Yr29, Yr36, Yr40, Yr46, and QYr.tamu-2B. A genome-wide association study (GWAS) was performed using genotypic and phenotypic data, which identified 110 SNPs and the functional markers linked to Yr15 and Yr17 to be significantly associated with stripe rust response. In addition, Yr5, Yr15, Yr17, Yr18, Yr29, and QYr.tamu-2B were detected by their functional DNA markers in the panel. This study identified 40 novel loci associated with stripe rust resistance in genomic regions not previously characterized by known Yr genes. These findings offer significant opportunities to diversify and enhance stripe rust resistance in hard winter wheat.","Sharma R, Wang M, Chen X, Lakkakula IP, St. Amand P, Bernardo A, Bai G, Bowden RL, Carver BF, Boehm Jr. JD, Aoun M",Theoretical and Applied Genetics,2025
10.1007_s00122-025-04859-2,40080143,A large-scale multi-environment study dissecting adult-plant resistance haplotypes for stripe rust resistance in Australian wheat breeding populations,"Wheat stripe rust (Puccinia striiformis) is a fungal disease responsible for substantial yield losses globally. To maintain crop productivity in future climates, the identification of genetics offering durable resistance across diverse growing conditions is crucial. To stay one-step ahead of the pathogen, Australian wheat breeders are actively selecting for adult-plant resistance (APR), which is considered more durable than seedling resistance. However, deploying resistance that is stable or effective across environments and years is challenging as expression of underling APR loci often interacts with environmental conditions. To explore the underlying genetics and interactions with the environment for stripe rust resistance, we employ haplotype-based mapping using the local GEBV approach in elite wheat breeding populations. Our multi-environment trial analyses comprising 35,986 inbred lines evaluated across 10 environments revealed significant genotype-by-environment interactions for stripe rust. A total of 32 haploblocks associated with stripe rust resistance were identified, where 23 were unique to a specific environment and nine were associated with stable resistance across environments. Population structure analysis revealed commercial or advanced breeding lines carried desirable resistance haplotypes, highlighting the opportunity to continue to harness and optimise resistance haplotypes already present within elite backgrounds. Further, we demonstrate that in silico stacking of multiple resistance haplotypes through a whole-genome approach has the potential to substantially improve resistance levels. This represents the largest study to date exploring commercial wheat breeding populations for stripe rust resistance and highlights the breeding opportunities to improve stability of resistance across and within target environments.","Van-Zivkovic NV, Dinglasan E, Tong J, Watt C, Goody J, Mullan D, Hickey L, Robinson H",Theoretical and Applied Genetics,2025
10.1007_s00122-025-04864-5,40089629,"Identification and validation of a major QTL, QFhb-6AL, for Fusarium head blight resistance on chromosome 6AL in wheat","Fusarium head blight (FHB) is a destructive disease in wheat (Triticum aestivum L.) that seriously threatens global wheat production and food safety. Host resistance is the most effective strategy for reducing FHB damage. The Chinese wheat cultivar Xunong 029 possesses desirable agronomic traits and demonstrates stable FHB resistance in multiple envi- ronments. A population of 190 F6 recombinant inbred lines (RILs) was developed by crossing Xunong 029 with Xumai 35 to identify quantitative trait loci (QTLs) for FHB resistance. The RIL population was genotyped by a low-coverage whole- genome sequencing (lcWGS) technology and evaluated for FHB symptom spread within a spike (Type II resistance) in both greenhouses and field experiments. A stable major QTL, designated as QFhb-6AL, was mapped to a 3.0 cM interval between markers lcWGS613.5 and lcWGS616.5 on the long arm of chromosome 6A, and it explained up to 34.6% of the phenotypic variation for FHB Type II resistance. QFhb-6AL was validated using near-isogenic lines (NILs) and another RIL population derived from the cross Xunong 029 and Xumai 33. Four kompetitive amplicon sequence PCR (KASP) markers which tightly linked to QFhb-6AL were developed. Haplotype analysis of the target QTL region showed a low frequency distribution of QFhb-6AL in Chinese cultivars, indicating that the QTL has not been widely deployed in wheat breeding programs. The QFhb-6AL has great potential for improving wheat FHB resistance, and the tightly linked markers developed in this study will facilitate its deployment in wheat breeding programs.","Zhu Z, Zhu X, Zhang N, Wang W, Liu J, Zhang F, Ren X, Ding Y, Sun F, He X, Hu S, Li X, Wei S, Guo W, Ni Z, Sun Q, Liu D, Su Z",Theoretical and Applied Genetics,2025
10.1007_s00122-025-04868-1,40148541,Deciphering the regulatory network of lignocellulose biosynthesis in bread wheat through genome-wide association studies,"Wheat lignocellulose, composed of lignin, cellulose, and hemicellulose, plays a crucial role in strengthening plant cell walls, enhancing lodging resistance, and contributing to bioenergy production. However, the genetic basis underlying the variation in lignocellulose content in wheat remains poorly understood. The stem lignin, cellulose, and hemicellulos contents in the second stem internode of a panel of 166 wheat accessions grown in three environments were measured, combined with the genotyping data with 660 K wheat SNP chip; a genome-wide association studies (GWAS) were conducted to identify loci associated with the lignocellulose content in wheat. Significant variations in lignin, cellulose, and hemicellulose contents were observed among the wheat accessions. GWAS identified 1146 significant SNPs associated with lignin, cellulose, and hemicellulose contents, distributed across the A, B, and D sub-genomes of wheat. Joint analysis of haplotype blocks refined these associations, identifying 46 significant quantitative trait loci (QTL) regions and 17 candidate genes, primarily linked to vascular development, hemicellulose synthesis, internode elongation regulation, and lignin biosynthesis. A KASP marker (NW_CC5951) for lignocellulose was developed. These findings provide valuable molecular markers for marker-assisted selection, supporting wheat breeding for improved stem quality and lodging resistance, and offer insights into balancing grain yield with lodging resistance and lignocellulosic energy production.","Dong Q, Ren H, Cai X, Zhang Y, Lu S, Liu D, Ateeq M, Chen L, Hu Y",Theoretical and Applied Genetics,2025
10.1007_s00122-025-04877-0,40205176,Stable pleotropic loci controlling the accumulation of multiple nutritional elements in wheat,"Understanding the genetic basis of nutrient accumulation in wheat is crucial for improving its nutritional content and address- ing global food security challenges. Here, we identified stable pleiotropic loci controlling the accumulation of 13 nutritional elements in wheat across diverse environments using a large wheat population of 1470 individuals. Our analysis revealed significant variability in SNP-based heritability values across 13 essential elements. Genetic correlations among elements uncovered complex relations, with positive correlations observed within two distinct groups, where calcium (Ca), cobalt (Co), potassium (K), and sodium (Na) formed one group, and copper (Cu), iron (Fe), magnesium (Mg), manganese (Mn), molybdenum (Mo), nickel (Ni), phosphorus (P), and zinc (Zn) formed the other. Negative correlations were observed among elements across both groups. Through MetaGWAS analysis, we identified stable QTL associated with individual elements and elements with high positive correlations. We identified 67 stable QTL across environments that are independent from grain yield, of which 56 were detected using the MetaGWAS analysis indicating their pleiotropic effect on multiple ele- ments. A major QTL on chromosome 7D that can shift the phenotype up to one standard deviation compared to the mean phenotype in the population exhibited differential effects on multiple elements belonging to both groups. Our findings offer novel insights into the genetic architecture of nutrient accumulation in wheat and have practical implications for breeding programmes aimed at enhancing multiple nutrients simultaneously. By targeting stable QTL, breeders can develop wheat varieties with improved nutritional profiles, contributing to global food security and human health.","Joukhadar R, Trethowan RM, Thistlethwaite R, Hayden MJ, Stangoulis J, Cu S, Tibbits J, Daetwyler HD",Theoretical and Applied Genetics,2025
10.1007_s00122-025-04882-3,40198388,Deletion of wheat alpha-gliadins from chromosome 6D improves gluten strength and reduces immunodominant celiac disease epitopes,"Wheat gliadins and glutenins confer valuable end-use characteristics but include amino acid sequences (epitopes) that can elicit celiac disease (CeD) in genetically predisposed individuals. The onset of CeD in these individuals is affected by the amount and duration of the exposure to immunogenic epitopes. Therefore, a reduction of epitopes that result in high immune responses in the majority of CeD patients (immunodominant epitopes) may reduce the incidence of CeD at a population level. We generated gamma radiation-induced deletions encompassing the α-gliadins in each of the three wheat genomes and characterized them using exome capture. These deletions, designated as Δgli-A2, Δgli-B2, and Δgli-D2, were deposited in GRIN-Global. The Δgli-A2 and Δgli-B2 deletions showed limited effects on breadmaking quality, but the Δgli-D2 deletion significantly increased gluten strength and improved breadmaking quality without compromising dough elasticity, protein content, or grain yield. The stronger effect of Δgli-D2 on gluten strength was associated with an increased proportion of glutenins and the deletion of α-gliadins with seven cysteines, which are absent in the GLI-A2 and GLI-B2 loci. We show that α-gliadins with seven cysteines are incorporated into the gluten polymer, where they likely function as chain terminators limiting the expansion of the gluten polymer and reducing its strength. In addition to its beneficial effects on breadmaking quality, the Δgli-D2 deletion eliminates major wheat immunodominant CeD epitopes. The deployment of this publicly avail- able Δgli-D2 deletion can simultaneously improve wheat gluten strength and reduce the population-wide burden of CeD.","Rottersman MG, Zhang W, Zhang J, Grigorean G, Burguener G, Carter C, Vang T, Hegarty J, Zhang X, Finnie S, Dubcovsky J",Theoretical and Applied Genetics,2025
10.1007_s00122-025-04886-z,40471307,Unveiling yellow rust resistance in the near-Himalayan region: insights from a nested association mapping study,"The global spread of yellow rust has posed a significant threat to wheat production, making the identification of novel resistance-conferring genetic loci crucial. The near-Himalayan region has been proposed as the pathogen’s origin and is characterized by strong and diverse disease pressure. Even though this makes wheat varieties from this region likely to harbor resistance, Asian germplasm has been highly underrepresented in modern breeding. To explore this potential, we screened an Asian nested association mapping (NAM) population comprising traditional and modern wheat varieties under artificial epidemics in multiple field trials. Combined quantitative trait locus (QTL) mapping revealed the two resistance genes Lr67_ Yr46_Sr55 and Lr34_Yr18_Sr57, as well as two potentially novel yellow rust resistance loci. The resistant allele of the first one, located on chromosome 3D, is unique to a traditional variety from Nepal, while the second one, found on chromosome 5B, is present in several NAM families. The broad geographic distribution of this QTL across regions with high disease pressure suggests it may serve as a durable source of resistance. Strong observed resistances were conferred by a combina- tion of several resistance loci, suggesting the stacking of resistances as a successful strategy in yellow rust hotspot areas.","Jung K, Akiyama R, Nie J, Nitta M, Hamaya N, Qureshi N, Bhavani S, Wicker T, Keller B, Kishii M, Nasuda S, Shimizu KK",Theoretical and Applied Genetics,2025
10.1007_s00122-025-04893-0,40392281,Survey of tocopherol and the associated genetic loci in wheat grain,"Tocopherol is essential in maintaining human sex hormone as well as antioxidation and immune functions. In this study, the contents of α-, γ- and δ-tocopherol in a Chinese wheat mini-core collection were measured with high-performance liquid chromatography. The effects of various factors such as accession types, winter_spring types and grain colors on tocopherol content were analyzed, and the genetic loci for tocopherol were identified with genome-wide association analysis and linkage analysis. There was no significant difference in total tocopherol in grain of wheat grown in three environments. Seven high-tocopherol (≥ 110 μg_g) germplasms were selected. The genotypic and environmental effects on total tocoph- erol and its three components ranked G > G × E > E and the tocopherol content were not correlated with accession types, spring_winter variety, red_white grain and release years. Among the eleven agronomic and four grain traits, α-tocopherol was positively correlated with grain thickness, γ-tocopherol was positively correlated with heading date, maturity date and flag leaf length, and γ-, δ- and total tocopherol were negatively correlated with the number of kernels in the middle of the spike. The total tocopherol showed positive correlation with lycopene and lutein. A total of twenty-seven QTL associated with tocopherol were identified with genome-wide association analysis, with obvious additive effects. The fine mapping of Qδ.toc.6 A narrowed functional region down to a 5.26-Mb region via analyzing the tocopherol content among genotypes in secondary mapping population. We proposed five candidate genes with known pathways for tocopherol synthesis in wheat, potentially useful in breeding high-tocopherol wheat varieties.","Li X, Hao Y, Li X, Xie X, Zhao J, Wu B, Zheng X, Zheng J",Theoretical and Applied Genetics,2025
10.1007_s00122-025-04897-w,40295316,Progress and innovations of gene cloning in wheat and its close relatives,"The large and complex genomes of cereals, especially bread wheat, have always been a challenge for gene mapping and cloning. Nevertheless, recent advances in genomics have led to significant progress in this field. Currently, high-quality reference sequences are available for major wheat species and their relatives. New high-throughput genotyping platforms and next-generation sequencing technologies combined with genome complexity reduction techniques and mutagenesis have opened new avenues for gene cloning. In this review, we provide a comprehensive overview of the genes cloned in wheat so far and discuss the strategies used for cloning these genes. We highlight the advantages and drawbacks of individual approaches and show how particular genomic progress contributed to wheat gene cloning. A wide range of new resources and approaches have led to a significant increase in the number of successful cloning projects over the past decade, demon- strating that it is now feasible to perform rapid gene cloning of agronomically important genes, even in a genome as large and complex as that of wheat.","Korchanová Z, Milovanov A, Švec M, Doležel J, Bartoš J, Valárik M",Theoretical and Applied Genetics,2025
10.1007_s00122-025-05045-0,41053313,Haplotype stacking to improve stability of stripe rust resistance in wheat,"Genotype-by-environment interaction analysis and haplotype-level characterisation provide novel insights into the stability of stripe rust resistance. Breeding selection strategies are proposed to achieve rapid and stable genetic gains across environments. This study investigated stripe_yellow rust (YR) responses in the Vavilov wheat diversity panel evaluated across 11 field experiments conducted in Australia and Ethiopia during 2014-2021. Genotype-by-environment interaction (GEI) was analysed using a factor analytic (FA) model. Genotype-level selection was performed with overall performance (OP) and root-mean-square deviation (RMSD), which reflected average performance and stability of YR resistance across environments, respectively. Genomic estimated breeding values (GEBV) for these traits were calculated and compared with those from a multi-trait GBLUP model with average performance represented by the mean GEBV across environments and stability by the standard deviation of GEBV across environments. The FA-based and multi-trait GBLUP GEBV had high correlations. Haplotypes with large effects on OP and RMSD were identified using the local GEBV method. Favourable haplotypes were then used for stacking in breeding simulations, using the Vavilov collection as a base. Compared to truncation selection, optimal haplotype selection (OHS) using an artificial intelligence (AI)-based algorithm achieved longer-term genetic gains for both OP and RMSD (after many generations) by initially selecting founder parents that maximised favourable haplotypes. Simulations using YR responses from diverse environments that mimicked fluctuating environmental conditions across seasons were conducted to evaluate strategies for selection of YR resistance that is stable across years. Strategies which gave most weight to OP, but some weight to RMSD were optimal in these conditions, and substantially reduced variation of performance across years. This study provides useful information for breeding cultivars with both high YR resistance and high stability of resistance across environments.","Jingyang Tong, Zerihun T Tarekegn, Dilani Jambuthenne, Hannah Robinson, Madhav Pandit, Kira Villiers, Sambasivam Periyannan, Lee Hickey, Eric Dinglasan, Ben J Hayes",Theoretical and Applied Genetics,2025
10.1007_s00122-025-05053-0,41071363,"Harnessing primary, secondary and tertiary genepools for durable wheat disease resistance","Bread wheat (Triticum aestivum), a cornerstone of global food security contributing ~ 20% of daily caloric intake, faces increasing vulnerability to rapidly evolving pathogens. This is due in part to a narrowed genetic base following domestication and modern breeding. Wild and ancestral wheat relatives are critical reservoirs of disease resistance genes for breeding new, resilient varieties. This review explores the contributions of primary, secondary, and tertiary genepools of wheat to disease resistance, highlighting loci effective against fungal pathogens that threaten European wheat production. It examines the challenges of alien gene transfer including crossability barriers, hybrid necrosis, and suppressor loci and reviews modern breeding tools such as marker-assisted selection, genomic selection, and genome editing for harnessing exotic germplasm. By synthesising current knowledge, this review highlights the vital contribution of ancestral wheat germplasm in enhancing the resilience and productivity of future wheat crops against increasing biotic stresses.","Blower A, Ray RV, Rawsthorne S, Howell PJ, Leigh FJ, Kanyuka K",Theoretical and Applied Genetics,2025
10.1007_s00122-025-05118-0,41699142,Exploring the potential of naked barley to manage deoxynivalenol accumulation from Fusarium head blight,"Developing and deploying multi-use naked barley varieties that accumulate lower levels of deoxynivalenol (DON) resulting from Fusarium head blight (FHB) disease could help farmers mitigate economic risks and expand market possibilities. Pre- vious work established that a substantial amount of DON in covered barley accumulates in the hull and can be removed by pearling. We studied a diverse panel of 244 naked barley lines to determine if there is a genetic variation for the distribution of DON in Fusarium-infected spikes. We evaluated the panel genotyped with a 50K Barley SNP array for disease severity, toxin accumulation, and other agronomic traits in two FHB disease nurseries from 2020 to 2021. Harvested naked barley spikes separated into hull and kernel fractions revealed that 11.92-70.02% of the total toxins were localized in the hull. Single-SNP and haplotype-based genome-wide association studies (GWAS) were carried out using mixed linear models. Based on the single-SNP GWAS, 132 marker-trait associations, localized into 13 quantitative trait loci, were identified for all the traits except FHB severity. Haplotype-based GWAS found two haplotype-trait associations each for DON in hull and plant height, three for DON in rachis, and five for heading date. Notably, markers and haplotypes associated with later head- ing were also linked to higher levels of the toxin in the hull but not the kernel. Moderate-to-high predictive abilities suggest that genomic selection could be used to develop improved naked barley cultivars with a lower risk of DON contamination.","Ige AD, Hawkins J, Dong Y, Meints B, Smith K",Theoretical and Applied Genetics,2026
10.1007_s00122-025-05122-4,41520304,Exploring standing genetic variation for barley leaf rust resistance in Australian breeding panel,"Barley (Hordeum vulgare L.) production worldwide is threatened by different rust diseases, particularly barley leaf rust (BLR) caused by fungus Puccinia hordei. Yet, very limited works have explored BLR resistance mechanism across multiple environments. This study explored genotype-by-environment interactions (GEI) in a BLR disease screening dataset collected over multiple years using a multi-environment trial (MET) analysis followed by iClass method. A haplotype-based approach, using local genomic estimated breeding values (LGEBVs), identified five environmentally stable genomic regions (haplo-blocks: 2HS-b000305, 5HS-b001038, 5HS-b001039, 5HS-b001040 and 5HL-b001125) associated with BLR resist- ance at adult plant stage. While haplo-block co-locating popular adult plant resistance (APR) gene Rph20 was validated as a key genomic region to drive stability in resistance across multiple environments, other haplo-blocks with high-effect haplotypes were also reported as prospective novel sources of stability. Notably, environmentally specific haplo-blocks offered insights into GEI-driven resistance mechanisms. The study also highlighted the potential of haplo-block stacking to improve adult plant resistance as genotypes with multiple favorable haplotypes demonstrated a linear relationship with enhanced BLR resistance. These findings hold practical implications for barley breeders, paving the way for more resilient cultivars and advancing breeding methodologies for complex traits like disease resistance.","Pandit M, Dracatos P, Periyannan S, Lam Y, Brunner SM, Honse T, Tong J, Dinglasan E, Ganesalingam D, Moody D, Baraibar S, Hickey L, Alahmad S, Robinson H",Theoretical and Applied Genetics,2026
10.1007_s00122-025-05130-4,41603983,"Genome-wide association study (GWAS) identifies genetic loci controlling Distinctness, Uniformity, and Stability (DUS) traits in wheat","Key message Genetic analysis of wheat Distinctness, Uniformity, and Stability (DUS) characteristics identifies sig- nificant marker-trait associations for 15 DUS traits, including associations for ‘seed: colouration with phenol’ closely linked to Ppo-A1. Crop improvement via breeding underpins the yield gains required for future food security. Commercial development of new varieties is supported by the legal protection afforded by Plant Variety Rights, which for wheat is awarded via evaluation of 27 morphological ‘characteristics’ as part of Distinctness, Uniformity, and Stability (DUS) testing. While identification of molecular markers predictive for wheat DUS characteristics would be useful to aid processes such as variety identification and DUS test optimization, little is known about their genetic control. Here we assemble a panel of 412 European wheat varieties, along with corresponding DUS phenotypic data and genotype using the TaNG 43k genotyping array. The resulting 14,921 polymorphic genetic markers were distributed approximately evenly between the A (33%), B (38%), and D (29%) wheat sub-genomes. DUS characteristic heritability (h2) varied (mean = 0.44), ranging from 0.27 (‘ear: glaucosity’) to 1.00 (‘ear: scurs or awns’). Subsequent genome-wide association study (GWAS) identified significant marker-trait associa- tions for 15 of the 24 DUS characteristics analysed, resolved into 57 genetic loci. Of note, a highly significant association (− log10P = 44.79) for ‘seed: colouration with phenol’ on chromosome 2A was just 0.37 Mb from the Ppo-A1 gene known to control discolouration in wheat food products. GWAS was less successful for DUS characteristics with low heritability (traits with h2 below or above 0.5 had a mean of 1.2 and 5.3 GWAS hits, respectively), for which the use of molecular markers would be more suited to alternative approaches such as genomic prediction. Collectively, this work will inform marker-aided approaches for DUS-relevant applications.","Zanella CM, Horsnell R, Love B, Wright TIC, Taferner-Kriegl J, Flamm C, Andreani L, Delogu C, McMillan V, Wallace M, Scott E, Cockram J",Theoretical and Applied Genetics,2026
10.1007_s00122-025-05134-0,41615475,"Unveiling the genetic architecture of stripe rust resistance in wheat: a region-specific GWAS in Xinjiang, China","Wheat stripe rust is a fungal disease that decreases wheat yield and quality. In this study, 300 winter wheat cultivars (lines) from different regions were infected with stripe rust and analyzed in terms of disease severity and infection type at the seedling and adult- plant stages. Additionally, a genome-wide association study was performed using the wheat 90 K SNP chip. Sixteen accessions exhibited all-stage resistance to the prevalent Pst races CYR32 and CYR34. Moreover, the enriched compressed mixed linear model detected 261 marker-trait associations at the seedling and adult-plant stages; these markers were located on chromosomes 1A, 1B, 2A, 2B, 2D, 3A, 3D, 4B, 5A, 5B, 5D, 6A, 6B, 7A, and 7B. By combining this finding with a linkage disequilibrium decay distance of 1.72 Mb, 20 and 12 quantitative trait loci related to stripe rust resistance at the seedling and adult-plant stages, respectively, were identified; these QTLs explained 0.01%-20.85% of the phenotypic variation. Comparative analysis with known Yr genes or quan- titative trait loci (QTLs) revealed 11 potentially novel seedling-stage resistance loci and 7 novel adult-plant resistance loci. Three of these loci were on chromosomes 2A, 3A, and 3D, which explained 16.49%-20.85%, 7.41%-19.27%, and 8.78%-18.56% of the phenotypic variation, respectively. Additionally, haplotype analysis showed that Hap2 significantly improved stripe rust resistance. Additionally, functional Kompetitive allele-specific PCR markers were developed and validated for SNP loci Kukri_c2289_635. Hence, this study provides a theoretical basis, parental materials, and molecular markers that may be useful for breeding disease- resistant wheat cultivars. Wheat is a major food crop worldwide, second only to","Zhang F, Wang R, Jiao W, He W, Zhang Y, Sun N, Bai B, Li K, Cheng Y, Geng H",Theoretical and Applied Genetics,2026
10.1007_s00122-025-05139-9,41520298,Targeted expansion of a barley genebank core collection facilitates the discovery of disease resistance loci,"Utilizing the diversity preserved in genebank collections is essential for accelerating crop improvement, yet information is often limited to selected core collections. Genome-wide prediction (GWP) offers a promising approach to large-scale phe- notypic imputation, with proven utility in practical pre-breeding contexts. In this study, we leveraged GWP to expand the German Federal ex situ barley core collection (core1000) with a focus on resistance to Puccinia hordei, Blumeria graminis hordei, and Rhynchosporium commune. Using the barley core1000 collection, which was originally selected to maximize molecular diversity, we trained genomic prediction models and imputed resistance scores for 20,458 genebank accessions based on sequence data encompassing 306,049 high-quality SNPs. To empirically validate prediction accuracy, we selected 300 spring and winter barley genotypes for field evaluation across four environments, resulting in moderate-to-strong cor- relations between predicted and observed resistance levels. Genome-wide association mapping in this set revealed five marker-trait associations that were not detected in the original core1000 collection. These results demonstrate that prediction- informed sampling can effectively expand trait-relevant genetic diversity and increase the frequency of resistance-associated alleles, thereby improving the power to detect loci that may be overlooked in conventional panels. Accordingly, GWP sup- ports the targeted inclusion of accessions with trait-relevant variation and enhances the value of genebank resources for trait discovery and pre-breeding applications.","Yuan Z, Zhao Y, Oldach K, Jahoor A, Jensen JD, Dohrendorf V, Eschholz TW, Roescher S, Stein N, Reif JC, Hanafi SE",Theoretical and Applied Genetics,2026
10.1007_s00122-025-05140-2,41528483,Genetic and phenotypic associations between peduncle characteristics and spike productivity in wheat under drought and normal conditions,"The peduncle stem plays an essential role in resource allocation and water transport to spike grains under normal conditions. Therefore, exploring peduncle traits and their relationships with spike production under drought stress may provide insights into the mechanisms that mitigate the effects of drought stress on grain yield in wheat. To address this challenge, a panel of 198 highly homozygous and diverse spring wheat varieties was evaluated under normal and drought conditions across two growing seasons. Peduncle traits, namely, length (PL), diameter (PD), and weight (PW), as well as spike traits, namely, spike length (SPL), number of spikelets_spike (NSPS), grain number_spike (GNPS), and grain yield per spike (GYPS), and thousand-kernel weight (TKW), were assessed. We revealed that PW and PD, unlike PL, were significantly and strongly associated with spike traits and grain weight under both conditions. Genome-wide association study (GWAS) revealed that spike and peduncle traits were controlled by different genetic mechanisms, as no stable markers were shared between these two groups. Distinct SNPs found between genotypes with contrasting peduncle traits led to the identification of a key SNP marker in a gene model encoding a protein highly expressed in the peduncle and spike of wheat. Comparing cultivars with low peduncle trait values to cultivars with high peduncle trait values, particularly PW and PD, high peduncle trait cultivars had greater yield-related trait values under both drought and normal conditions. The results of this study shed light on the importance of peduncle traits in enhancing wheat spike productivity under normal and drought stress conditions.","Sallam A, Hashem M, Ahmed AAM, Ismail SM, Baenziger PS, Börner A",Theoretical and Applied Genetics,2026
10.1007_s00122-025-05145-x,41555018,QTL mapping of oat crown rust resistance in Australian fields and identification of a seedling resistance locus in oat line GS7,"The development of oat cultivars with resistance to crown rust caused by Puccinia coronata f. sp. Avenae (Pca) is key for sustainable disease control. This study examined two recombinant inbred line populations, Provena x GS7 and Boyer x GS7, to identify adult plant resistance QTL in Australian fields. Seven distinct QTL associated with rust resistance were identified. KASP markers were developed for single nucleotide polymorphisms (SNPs) tightly linked to the four most significant QTL on chromosomes 4A and 7A. A major QTL named QPc_GS7_4A.2 with a resistance allele derived from line GS7 was mapped to chromosome 4A, overlapping with genomic regions previously associated with both resistance gene Pc61 and adult plant resistance. Genetic mapping for rust resistance at the seedling stage using a subset of Provena x GS7 lines with contrasting alleles at QPc_GS7_4A.2 suggests a role of this locus in seedling resistance, which may be explained by the presence of Pc61. Seedling resistance profiles between GS7 and the Pc61 differential line against 20 Pca isolates, a haplotype analysis of QPc_GS7_4A.2 in the oat crown rust differential set, and a collection of 182 oat lines support this hypothesis, although confirmation needs future research. The KASP markers developed in this study will assist breeders in efficiently integrating the resistance allele for gene combinations in new cultivars.","Nguyen DT, Lewis D, Henningsen EC, Su Z, Mago R, Sperschneider J, Dodds PN, Rattey A, Yimer BA, Klos KE, Figueroa M",Theoretical and Applied Genetics,2026
10.1007_s00122-026-05155-3,41546706,Characterization of the genetic architecture of adult plant resistance to sharp eyespot in Chinese wheat germplasm,"Sharp eyespot, caused by the soilborne fungus Rhizoctonia cerealis, is becoming a major disease affecting wheat production in China. To improve resistance to sharp eyespot in wheat, a genome-wide association study (GWAS) was con- ducted to uncover the genetic architecture underlying adult plant resistance, and genomic selection (GS) was evaluated for its potential to accelerate breeding. The disease index of sharp eyespot evaluated in 427 Chinese wheat accessions across five environments demonstrated a broad range of phenotypic variation and exhibited significant correlations among the environments. Disease index was negatively correlated with phenology but positively correlated with plant height. Thirty- five accessions (8.2%) showed stable moderate resistance across the environments. GWAS using 159,248 markers identified 35 significant SNPs associated with sharp eyespot resistance. These SNPs delineated four quantitative trait loci (QTLs): QSe.jaas-1B (583-586 Mb), QSe.jaas-5D (464-470 Mb), QSe.jaas-6B (191-207 Mb), and QSe.jaas-6D (385 Mb). QTL pyramiding demonstrated additive effects, and combining four favorable QTLs reduced disease index by 22%. GS using only 35 significant SNPs retained over 90% of the predictive ability of the full-genome marker set, with the Bayes B model (accuracy: 0.52-0.57) outperforming GBLUP (0.46-0.50). These findings provide key genomic resources, including stable resistant germplasm, QTLs with favorable haplotypes, and predictive models, which will be valuable for improving sharp eyespot resistance in wheat breeding programs.","Liu C, Zhai W, Kang N, He Y, Fu B, Guo W, Zhang Q, Cai J, Liu Y, Qiu G, Jiang H, Liu F, Xu F, He H, Wu J",Theoretical and Applied Genetics,2026
10.1007_s00122-026-05160-6,41632301,"Structural diversity of Ym2, a gene conferring resistance against Wheat yellow mosaic virus","Infection by Wheat yellow mosaic virus reduces both the yield and end-use quality of winter wheat. As the pathogen resides in the soil, the most effective disease control strategy is to breed varieties harboring a gene or genes conferring resist- ance. One such gene is Ym2, which has been introduced into bread wheat from its diploid wild relative Aegilops sharonensis. The gene has since been isolated and shown to encode a CC-NBS-LRR protein, but no concerted attempt has been made to date to characterize whether allelic variants of the gene are present in the bread wheat gene pool. In conjunction with previ- ously published sequence data, the newly acquired data have enabled the identification of a total of 22 haplotypes at Ym2 locus, of which 14 are functional with respect to conferring resistance to WYMV; of these 14, 12 encode a non-synonymous amino acid variant(s), while two feature the insertion of a short nucleotide sequence into the coding region. While the func- tional haplotypes are all represented among the American and Japanese entries, none were harbored by Chinese germplasm, indicating that Ym2 has not been exploited to date by Chinese wheat breeders.","Xu W, Xu X, Mishina K, Oono Y, Sakuma S, Pourkheirandish M, Distelfeld A, Zeng X, Wang X, Li B, Komatsuda T, Liu C",Theoretical and Applied Genetics,2026
10.1007_s00122-026-05175-z,41686243,Integrating genomic predictions into an applied Central European wheat breeding program,"Genomic selection can reduce generation intervals and costs, thereby increasing genetic gain in plant breeding. The study aimed to assess the impact of phenotypic data quality, sample size, and diversity across different breeding stages on the accuracy of genomic predictions. We used phenotypic data of the Central European winter bread wheat breeding company W. von Borries-Eckendorf GmbH & Co. KG, comprising 13,773 genotypes evaluated in up to 95 environments in nearly 57,000 plots for grain yield, plant height, protein content and yellow rust resistance. Genotypic data for 6,228 geno- types were generated using a 7,000 SNP Illumina Infinium assay. We implemented genomic best linear unbiased prediction and tested prediction ability within and across breeding stages. Three prediction scenarios were evaluated to examine the prediction ability: (1) within individual breeding stages, (2) across breeding stages, and (3) for most advanced genotypes. Results indicate more accurate models trained on mid- or late-stage phenotypic data for most traits compared to early-stage data. Combining mid- and late-stage data further improved predictions for complex traits like grain yield and yellow rust resistance. These findings highlight the importance of balancing high heritability and appropriate training sets for optimiz- ing genomic predictions, demonstrating the potential of genomic selection as a cornerstone for wheat breeding programs.","Thomsen LE, Zhao Y, Avenhaus U, Reif JC, Gundala RR",Theoretical and Applied Genetics,2026
